ISO-10303-21;
HEADER;
FILE_DESCRIPTION(('Open CASCADE Model'),'2;1');
FILE_NAME('Open CASCADE Shape Model','2026-09-05T09:32:40',('Author'),(
    'Open CASCADE'),'Open CASCADE STEP processor 7.9','Open CASCADE 7.9'
  ,'Unknown');
FILE_SCHEMA(('AUTOMOTIVE_DESIGN { 1 0 10303 214 1 1 1 1 }'));
ENDSEC;
DATA;
#1 = APPLICATION_PROTOCOL_DEFINITION('international standard',
  'automotive_design',2000,#2);
#2 = APPLICATION_CONTEXT(
  'core data for automotive mechanical design processes');
#3 = SHAPE_DEFINITION_REPRESENTATION(#4,#10);
#4 = PRODUCT_DEFINITION_SHAPE('','',#5);
#5 = PRODUCT_DEFINITION('design','',#6,#9);
#6 = PRODUCT_DEFINITION_FORMATION('','',#7);
#7 = PRODUCT('Open CASCADE STEP translator 7.9 1',
  'Open CASCADE STEP translator 7.9 1','',(#8));
#8 = PRODUCT_CONTEXT('',#2,'mechanical');
#9 = PRODUCT_DEFINITION_CONTEXT('part definition',#2,'design');
#10 = ADVANCED_BREP_SHAPE_REPRESENTATION('',(#11,#15),#2061);
#11 = AXIS2_PLACEMENT_3D('',#12,#13,#14);
#12 = CARTESIAN_POINT('',(0.,0.,0.));
#13 = DIRECTION('',(0.,0.,1.));
#14 = DIRECTION('',(1.,0.,-0.));
#15 = MANIFOLD_SOLID_BREP('',#16);
#16 = CLOSED_SHELL('',(#17,#137,#862,#912,#966,#1541,#1568,#1595,#1622,
    #1649,#1656,#1683,#1710,#1737,#1764,#1791,#1818,#1845,#1872,#1899,
    #1926,#1953,#1980,#2007,#2034));
#17 = ADVANCED_FACE('',(#18),#32,.F.);
#18 = FACE_BOUND('',#19,.F.);
#19 = EDGE_LOOP('',(#20,#55,#83,#111));
#20 = ORIENTED_EDGE('',*,*,#21,.F.);
#21 = EDGE_CURVE('',#22,#24,#26,.T.);
#22 = VERTEX_POINT('',#23);
#23 = CARTESIAN_POINT('',(-55.,-55.,14.));
#24 = VERTEX_POINT('',#25);
#25 = CARTESIAN_POINT('',(-55.,55.,14.));
#26 = SURFACE_CURVE('',#27,(#31,#43),.PCURVE_S1.);
#27 = LINE('',#28,#29);
#28 = CARTESIAN_POINT('',(-55.,-60.,14.));
#29 = VECTOR('',#30,1.);
#30 = DIRECTION('',(0.,1.,0.));
#31 = PCURVE('',#32,#37);
#32 = PLANE('',#33);
#33 = AXIS2_PLACEMENT_3D('',#34,#35,#36);
#34 = CARTESIAN_POINT('',(-55.,-60.,0.));
#35 = DIRECTION('',(1.,0.,0.));
#36 = DIRECTION('',(0.,0.,1.));
#37 = DEFINITIONAL_REPRESENTATION('',(#38),#42);
#38 = LINE('',#39,#40);
#39 = CARTESIAN_POINT('',(14.,0.));
#40 = VECTOR('',#41,1.);
#41 = DIRECTION('',(0.,-1.));
#42 = ( GEOMETRIC_REPRESENTATION_CONTEXT(2) 
PARAMETRIC_REPRESENTATION_CONTEXT() REPRESENTATION_CONTEXT('2D SPACE',''
  ) );
#43 = PCURVE('',#44,#49);
#44 = PLANE('',#45);
#45 = AXIS2_PLACEMENT_3D('',#46,#47,#48);
#46 = CARTESIAN_POINT('',(-55.,-60.,14.));
#47 = DIRECTION('',(0.,0.,1.));
#48 = DIRECTION('',(1.,0.,0.));
#49 = DEFINITIONAL_REPRESENTATION('',(#50),#54);
#50 = LINE('',#51,#52);
#51 = CARTESIAN_POINT('',(0.,0.));
#52 = VECTOR('',#53,1.);
#53 = DIRECTION('',(0.,1.));
#54 = ( GEOMETRIC_REPRESENTATION_CONTEXT(2) 
PARAMETRIC_REPRESENTATION_CONTEXT() REPRESENTATION_CONTEXT('2D SPACE',''
  ) );
#55 = ORIENTED_EDGE('',*,*,#56,.F.);
#56 = EDGE_CURVE('',#57,#22,#59,.T.);
#57 = VERTEX_POINT('',#58);
#58 = CARTESIAN_POINT('',(-55.,-55.,0.));
#59 = SURFACE_CURVE('',#60,(#64,#71),.PCURVE_S1.);
#60 = LINE('',#61,#62);
#61 = CARTESIAN_POINT('',(-55.,-55.,0.));
#62 = VECTOR('',#63,1.);
#63 = DIRECTION('',(0.,0.,1.));
#64 = PCURVE('',#32,#65);
#65 = DEFINITIONAL_REPRESENTATION('',(#66),#70);
#66 = LINE('',#67,#68);
#67 = CARTESIAN_POINT('',(0.,-5.));
#68 = VECTOR('',#69,1.);
#69 = DIRECTION('',(1.,0.));
#70 = ( GEOMETRIC_REPRESENTATION_CONTEXT(2) 
PARAMETRIC_REPRESENTATION_CONTEXT() REPRESENTATION_CONTEXT('2D SPACE',''
  ) );
#71 = PCURVE('',#72,#77);
#72 = CYLINDRICAL_SURFACE('',#73,5.);
#73 = AXIS2_PLACEMENT_3D('',#74,#75,#76);
#74 = CARTESIAN_POINT('',(-50.,-55.,0.));
#75 = DIRECTION('',(0.,0.,1.));
#76 = DIRECTION('',(-1.,-0.,0.));
#77 = DEFINITIONAL_REPRESENTATION('',(#78),#82);
#78 = LINE('',#79,#80);
#79 = CARTESIAN_POINT('',(0.,0.));
#80 = VECTOR('',#81,1.);
#81 = DIRECTION('',(0.,1.));
#82 = ( GEOMETRIC_REPRESENTATION_CONTEXT(2) 
PARAMETRIC_REPRESENTATION_CONTEXT() REPRESENTATION_CONTEXT('2D SPACE',''
  ) );
#83 = ORIENTED_EDGE('',*,*,#84,.T.);
#84 = EDGE_CURVE('',#57,#85,#87,.T.);
#85 = VERTEX_POINT('',#86);
#86 = CARTESIAN_POINT('',(-55.,55.,0.));
#87 = SURFACE_CURVE('',#88,(#92,#99),.PCURVE_S1.);
#88 = LINE('',#89,#90);
#89 = CARTESIAN_POINT('',(-55.,-60.,0.));
#90 = VECTOR('',#91,1.);
#91 = DIRECTION('',(0.,1.,0.));
#92 = PCURVE('',#32,#93);
#93 = DEFINITIONAL_REPRESENTATION('',(#94),#98);
#94 = LINE('',#95,#96);
#95 = CARTESIAN_POINT('',(0.,0.));
#96 = VECTOR('',#97,1.);
#97 = DIRECTION('',(0.,-1.));
#98 = ( GEOMETRIC_REPRESENTATION_CONTEXT(2) 
PARAMETRIC_REPRESENTATION_CONTEXT() REPRESENTATION_CONTEXT('2D SPACE',''
  ) );
#99 = PCURVE('',#100,#105);
#100 = PLANE('',#101);
#101 = AXIS2_PLACEMENT_3D('',#102,#103,#104);
#102 = CARTESIAN_POINT('',(-55.,-60.,0.));
#103 = DIRECTION('',(0.,0.,1.));
#104 = DIRECTION('',(1.,0.,0.));
#105 = DEFINITIONAL_REPRESENTATION('',(#106),#110);
#106 = LINE('',#107,#108);
#107 = CARTESIAN_POINT('',(0.,0.));
#108 = VECTOR('',#109,1.);
#109 = DIRECTION('',(0.,1.));
#110 = ( GEOMETRIC_REPRESENTATION_CONTEXT(2) 
PARAMETRIC_REPRESENTATION_CONTEXT() REPRESENTATION_CONTEXT('2D SPACE',''
  ) );
#111 = ORIENTED_EDGE('',*,*,#112,.T.);
#112 = EDGE_CURVE('',#85,#24,#113,.T.);
#113 = SURFACE_CURVE('',#114,(#118,#125),.PCURVE_S1.);
#114 = LINE('',#115,#116);
#115 = CARTESIAN_POINT('',(-55.,55.,0.));
#116 = VECTOR('',#117,1.);
#117 = DIRECTION('',(0.,0.,1.));
#118 = PCURVE('',#32,#119);
#119 = DEFINITIONAL_REPRESENTATION('',(#120),#124);
#120 = LINE('',#121,#122);
#121 = CARTESIAN_POINT('',(0.,-115.));
#122 = VECTOR('',#123,1.);
#123 = DIRECTION('',(1.,0.));
#124 = ( GEOMETRIC_REPRESENTATION_CONTEXT(2) 
PARAMETRIC_REPRESENTATION_CONTEXT() REPRESENTATION_CONTEXT('2D SPACE',''
  ) );
#125 = PCURVE('',#126,#131);
#126 = CYLINDRICAL_SURFACE('',#127,5.);
#127 = AXIS2_PLACEMENT_3D('',#128,#129,#130);
#128 = CARTESIAN_POINT('',(-50.,55.,0.));
#129 = DIRECTION('',(0.,0.,1.));
#130 = DIRECTION('',(-1.,-0.,0.));
#131 = DEFINITIONAL_REPRESENTATION('',(#132),#136);
#132 = LINE('',#133,#134);
#133 = CARTESIAN_POINT('',(-0.,0.));
#134 = VECTOR('',#135,1.);
#135 = DIRECTION('',(-0.,1.));
#136 = ( GEOMETRIC_REPRESENTATION_CONTEXT(2) 
PARAMETRIC_REPRESENTATION_CONTEXT() REPRESENTATION_CONTEXT('2D SPACE',''
  ) );
#137 = ADVANCED_FACE('',(#138,#337,#372,#407,#442,#477,#512,#547,#582,
    #617,#652,#687,#722,#757,#792,#827),#44,.T.);
#138 = FACE_BOUND('',#139,.T.);
#139 = EDGE_LOOP('',(#140,#141,#165,#193,#226,#254,#283,#311));
#140 = ORIENTED_EDGE('',*,*,#21,.F.);
#141 = ORIENTED_EDGE('',*,*,#142,.T.);
#142 = EDGE_CURVE('',#22,#143,#145,.T.);
#143 = VERTEX_POINT('',#144);
#144 = CARTESIAN_POINT('',(-50.,-60.,14.));
#145 = SURFACE_CURVE('',#146,(#151,#158),.PCURVE_S1.);
#146 = CIRCLE('',#147,5.);
#147 = AXIS2_PLACEMENT_3D('',#148,#149,#150);
#148 = CARTESIAN_POINT('',(-50.,-55.,14.));
#149 = DIRECTION('',(0.,0.,1.));
#150 = DIRECTION('',(0.,-1.,0.));
#151 = PCURVE('',#44,#152);
#152 = DEFINITIONAL_REPRESENTATION('',(#153),#157);
#153 = CIRCLE('',#154,5.);
#154 = AXIS2_PLACEMENT_2D('',#155,#156);
#155 = CARTESIAN_POINT('',(5.,5.));
#156 = DIRECTION('',(0.,-1.));
#157 = ( GEOMETRIC_REPRESENTATION_CONTEXT(2) 
PARAMETRIC_REPRESENTATION_CONTEXT() REPRESENTATION_CONTEXT('2D SPACE',''
  ) );
#158 = PCURVE('',#72,#159);
#159 = DEFINITIONAL_REPRESENTATION('',(#160),#164);
#160 = LINE('',#161,#162);
#161 = CARTESIAN_POINT('',(-4.712388980385,14.));
#162 = VECTOR('',#163,1.);
#163 = DIRECTION('',(1.,0.));
#164 = ( GEOMETRIC_REPRESENTATION_CONTEXT(2) 
PARAMETRIC_REPRESENTATION_CONTEXT() REPRESENTATION_CONTEXT('2D SPACE',''
  ) );
#165 = ORIENTED_EDGE('',*,*,#166,.T.);
#166 = EDGE_CURVE('',#143,#167,#169,.T.);
#167 = VERTEX_POINT('',#168);
#168 = CARTESIAN_POINT('',(190.,-60.,14.));
#169 = SURFACE_CURVE('',#170,(#174,#181),.PCURVE_S1.);
#170 = LINE('',#171,#172);
#171 = CARTESIAN_POINT('',(-55.,-60.,14.));
#172 = VECTOR('',#173,1.);
#173 = DIRECTION('',(1.,0.,0.));
#174 = PCURVE('',#44,#175);
#175 = DEFINITIONAL_REPRESENTATION('',(#176),#180);
#176 = LINE('',#177,#178);
#177 = CARTESIAN_POINT('',(0.,0.));
#178 = VECTOR('',#179,1.);
#179 = DIRECTION('',(1.,0.));
#180 = ( GEOMETRIC_REPRESENTATION_CONTEXT(2) 
PARAMETRIC_REPRESENTATION_CONTEXT() REPRESENTATION_CONTEXT('2D SPACE',''
  ) );
#181 = PCURVE('',#182,#187);
#182 = PLANE('',#183);
#183 = AXIS2_PLACEMENT_3D('',#184,#185,#186);
#184 = CARTESIAN_POINT('',(-55.,-60.,0.));
#185 = DIRECTION('',(0.,1.,0.));
#186 = DIRECTION('',(0.,0.,1.));
#187 = DEFINITIONAL_REPRESENTATION('',(#188),#192);
#188 = LINE('',#189,#190);
#189 = CARTESIAN_POINT('',(14.,0.));
#190 = VECTOR('',#191,1.);
#191 = DIRECTION('',(0.,1.));
#192 = ( GEOMETRIC_REPRESENTATION_CONTEXT(2) 
PARAMETRIC_REPRESENTATION_CONTEXT() REPRESENTATION_CONTEXT('2D SPACE',''
  ) );
#193 = ORIENTED_EDGE('',*,*,#194,.F.);
#194 = EDGE_CURVE('',#195,#167,#197,.T.);
#195 = VERTEX_POINT('',#196);
#196 = CARTESIAN_POINT('',(195.,-55.,14.));
#197 = SURFACE_CURVE('',#198,(#203,#214),.PCURVE_S1.);
#198 = CIRCLE('',#199,5.);
#199 = AXIS2_PLACEMENT_3D('',#200,#201,#202);
#200 = CARTESIAN_POINT('',(190.,-55.,14.));
#201 = DIRECTION('',(-0.,-0.,-1.));
#202 = DIRECTION('',(0.,-1.,0.));
#203 = PCURVE('',#44,#204);
#204 = DEFINITIONAL_REPRESENTATION('',(#205),#213);
#205 = ( BOUNDED_CURVE() B_SPLINE_CURVE(2,(#206,#207,#208,#209,#210,#211
,#212),.UNSPECIFIED.,.T.,.F.) B_SPLINE_CURVE_WITH_KNOTS((1,2,2,2,2,1),(
    -2.094395102393,0.,2.094395102393,4.188790204786,6.28318530718,
8.377580409573),.UNSPECIFIED.) CURVE() GEOMETRIC_REPRESENTATION_ITEM() 
RATIONAL_B_SPLINE_CURVE((1.,0.5,1.,0.5,1.,0.5,1.)) REPRESENTATION_ITEM(
  '') );
#206 = CARTESIAN_POINT('',(245.,0.));
#207 = CARTESIAN_POINT('',(236.33974596215,0.));
#208 = CARTESIAN_POINT('',(240.66987298107,7.5));
#209 = CARTESIAN_POINT('',(245.,15.));
#210 = CARTESIAN_POINT('',(249.33012701892,7.5));
#211 = CARTESIAN_POINT('',(253.66025403784,7.993605777301E-15));
#212 = CARTESIAN_POINT('',(245.,0.));
#213 = ( GEOMETRIC_REPRESENTATION_CONTEXT(2) 
PARAMETRIC_REPRESENTATION_CONTEXT() REPRESENTATION_CONTEXT('2D SPACE',''
  ) );
#214 = PCURVE('',#215,#220);
#215 = CYLINDRICAL_SURFACE('',#216,5.);
#216 = AXIS2_PLACEMENT_3D('',#217,#218,#219);
#217 = CARTESIAN_POINT('',(190.,-55.,0.));
#218 = DIRECTION('',(0.,0.,1.));
#219 = DIRECTION('',(1.,0.,-0.));
#220 = DEFINITIONAL_REPRESENTATION('',(#221),#225);
#221 = LINE('',#222,#223);
#222 = CARTESIAN_POINT('',(4.712388980385,14.));
#223 = VECTOR('',#224,1.);
#224 = DIRECTION('',(-1.,0.));
#225 = ( GEOMETRIC_REPRESENTATION_CONTEXT(2) 
PARAMETRIC_REPRESENTATION_CONTEXT() REPRESENTATION_CONTEXT('2D SPACE',''
  ) );
#226 = ORIENTED_EDGE('',*,*,#227,.T.);
#227 = EDGE_CURVE('',#195,#228,#230,.T.);
#228 = VERTEX_POINT('',#229);
#229 = CARTESIAN_POINT('',(195.,55.,14.));
#230 = SURFACE_CURVE('',#231,(#235,#242),.PCURVE_S1.);
#231 = LINE('',#232,#233);
#232 = CARTESIAN_POINT('',(195.,-60.,14.));
#233 = VECTOR('',#234,1.);
#234 = DIRECTION('',(0.,1.,0.));
#235 = PCURVE('',#44,#236);
#236 = DEFINITIONAL_REPRESENTATION('',(#237),#241);
#237 = LINE('',#238,#239);
#238 = CARTESIAN_POINT('',(250.,0.));
#239 = VECTOR('',#240,1.);
#240 = DIRECTION('',(0.,1.));
#241 = ( GEOMETRIC_REPRESENTATION_CONTEXT(2) 
PARAMETRIC_REPRESENTATION_CONTEXT() REPRESENTATION_CONTEXT('2D SPACE',''
  ) );
#242 = PCURVE('',#243,#248);
#243 = PLANE('',#244);
#244 = AXIS2_PLACEMENT_3D('',#245,#246,#247);
#245 = CARTESIAN_POINT('',(195.,-60.,0.));
#246 = DIRECTION('',(1.,0.,0.));
#247 = DIRECTION('',(0.,0.,1.));
#248 = DEFINITIONAL_REPRESENTATION('',(#249),#253);
#249 = LINE('',#250,#251);
#250 = CARTESIAN_POINT('',(14.,0.));
#251 = VECTOR('',#252,1.);
#252 = DIRECTION('',(0.,-1.));
#253 = ( GEOMETRIC_REPRESENTATION_CONTEXT(2) 
PARAMETRIC_REPRESENTATION_CONTEXT() REPRESENTATION_CONTEXT('2D SPACE',''
  ) );
#254 = ORIENTED_EDGE('',*,*,#255,.T.);
#255 = EDGE_CURVE('',#228,#256,#258,.T.);
#256 = VERTEX_POINT('',#257);
#257 = CARTESIAN_POINT('',(190.,60.,14.));
#258 = SURFACE_CURVE('',#259,(#264,#271),.PCURVE_S1.);
#259 = CIRCLE('',#260,5.);
#260 = AXIS2_PLACEMENT_3D('',#261,#262,#263);
#261 = CARTESIAN_POINT('',(190.,55.,14.));
#262 = DIRECTION('',(0.,0.,1.));
#263 = DIRECTION('',(0.,-1.,0.));
#264 = PCURVE('',#44,#265);
#265 = DEFINITIONAL_REPRESENTATION('',(#266),#270);
#266 = CIRCLE('',#267,5.);
#267 = AXIS2_PLACEMENT_2D('',#268,#269);
#268 = CARTESIAN_POINT('',(245.,115.));
#269 = DIRECTION('',(0.,-1.));
#270 = ( GEOMETRIC_REPRESENTATION_CONTEXT(2) 
PARAMETRIC_REPRESENTATION_CONTEXT() REPRESENTATION_CONTEXT('2D SPACE',''
  ) );
#271 = PCURVE('',#272,#277);
#272 = CYLINDRICAL_SURFACE('',#273,5.);
#273 = AXIS2_PLACEMENT_3D('',#274,#275,#276);
#274 = CARTESIAN_POINT('',(190.,55.,0.));
#275 = DIRECTION('',(0.,0.,1.));
#276 = DIRECTION('',(1.,0.,-0.));
#277 = DEFINITIONAL_REPRESENTATION('',(#278),#282);
#278 = LINE('',#279,#280);
#279 = CARTESIAN_POINT('',(-1.570796326795,14.));
#280 = VECTOR('',#281,1.);
#281 = DIRECTION('',(1.,0.));
#282 = ( GEOMETRIC_REPRESENTATION_CONTEXT(2) 
PARAMETRIC_REPRESENTATION_CONTEXT() REPRESENTATION_CONTEXT('2D SPACE',''
  ) );
#283 = ORIENTED_EDGE('',*,*,#284,.F.);
#284 = EDGE_CURVE('',#285,#256,#287,.T.);
#285 = VERTEX_POINT('',#286);
#286 = CARTESIAN_POINT('',(-50.,60.,14.));
#287 = SURFACE_CURVE('',#288,(#292,#299),.PCURVE_S1.);
#288 = LINE('',#289,#290);
#289 = CARTESIAN_POINT('',(-55.,60.,14.));
#290 = VECTOR('',#291,1.);
#291 = DIRECTION('',(1.,0.,0.));
#292 = PCURVE('',#44,#293);
#293 = DEFINITIONAL_REPRESENTATION('',(#294),#298);
#294 = LINE('',#295,#296);
#295 = CARTESIAN_POINT('',(0.,120.));
#296 = VECTOR('',#297,1.);
#297 = DIRECTION('',(1.,0.));
#298 = ( GEOMETRIC_REPRESENTATION_CONTEXT(2) 
PARAMETRIC_REPRESENTATION_CONTEXT() REPRESENTATION_CONTEXT('2D SPACE',''
  ) );
#299 = PCURVE('',#300,#305);
#300 = PLANE('',#301);
#301 = AXIS2_PLACEMENT_3D('',#302,#303,#304);
#302 = CARTESIAN_POINT('',(-55.,60.,0.));
#303 = DIRECTION('',(0.,1.,0.));
#304 = DIRECTION('',(0.,0.,1.));
#305 = DEFINITIONAL_REPRESENTATION('',(#306),#310);
#306 = LINE('',#307,#308);
#307 = CARTESIAN_POINT('',(14.,0.));
#308 = VECTOR('',#309,1.);
#309 = DIRECTION('',(0.,1.));
#310 = ( GEOMETRIC_REPRESENTATION_CONTEXT(2) 
PARAMETRIC_REPRESENTATION_CONTEXT() REPRESENTATION_CONTEXT('2D SPACE',''
  ) );
#311 = ORIENTED_EDGE('',*,*,#312,.F.);
#312 = EDGE_CURVE('',#24,#285,#313,.T.);
#313 = SURFACE_CURVE('',#314,(#319,#330),.PCURVE_S1.);
#314 = CIRCLE('',#315,5.);
#315 = AXIS2_PLACEMENT_3D('',#316,#317,#318);
#316 = CARTESIAN_POINT('',(-50.,55.,14.));
#317 = DIRECTION('',(-0.,-0.,-1.));
#318 = DIRECTION('',(0.,-1.,0.));
#319 = PCURVE('',#44,#320);
#320 = DEFINITIONAL_REPRESENTATION('',(#321),#329);
#321 = ( BOUNDED_CURVE() B_SPLINE_CURVE(2,(#322,#323,#324,#325,#326,#327
,#328),.UNSPECIFIED.,.T.,.F.) B_SPLINE_CURVE_WITH_KNOTS((1,2,2,2,2,1),(
    -2.094395102393,0.,2.094395102393,4.188790204786,6.28318530718,
8.377580409573),.UNSPECIFIED.) CURVE() GEOMETRIC_REPRESENTATION_ITEM() 
RATIONAL_B_SPLINE_CURVE((1.,0.5,1.,0.5,1.,0.5,1.)) REPRESENTATION_ITEM(
  '') );
#322 = CARTESIAN_POINT('',(5.,110.));
#323 = CARTESIAN_POINT('',(-3.660254037844,110.));
#324 = CARTESIAN_POINT('',(0.669872981078,117.5));
#325 = CARTESIAN_POINT('',(5.,125.));
#326 = CARTESIAN_POINT('',(9.330127018922,117.5));
#327 = CARTESIAN_POINT('',(13.660254037844,110.));
#328 = CARTESIAN_POINT('',(5.,110.));
#329 = ( GEOMETRIC_REPRESENTATION_CONTEXT(2) 
PARAMETRIC_REPRESENTATION_CONTEXT() REPRESENTATION_CONTEXT('2D SPACE',''
  ) );
#330 = PCURVE('',#126,#331);
#331 = DEFINITIONAL_REPRESENTATION('',(#332),#336);
#332 = LINE('',#333,#334);
#333 = CARTESIAN_POINT('',(1.570796326795,14.));
#334 = VECTOR('',#335,1.);
#335 = DIRECTION('',(-1.,0.));
#336 = ( GEOMETRIC_REPRESENTATION_CONTEXT(2) 
PARAMETRIC_REPRESENTATION_CONTEXT() REPRESENTATION_CONTEXT('2D SPACE',''
  ) );
#337 = FACE_BOUND('',#338,.T.);
#338 = EDGE_LOOP('',(#339));
#339 = ORIENTED_EDGE('',*,*,#340,.T.);
#340 = EDGE_CURVE('',#341,#341,#343,.T.);
#341 = VERTEX_POINT('',#342);
#342 = CARTESIAN_POINT('',(-41.7,-50.,14.));
#343 = SURFACE_CURVE('',#344,(#349,#360),.PCURVE_S1.);
#344 = CIRCLE('',#345,3.3);
#345 = AXIS2_PLACEMENT_3D('',#346,#347,#348);
#346 = CARTESIAN_POINT('',(-45.,-50.,14.));
#347 = DIRECTION('',(0.,0.,-1.));
#348 = DIRECTION('',(1.,0.,0.));
#349 = PCURVE('',#44,#350);
#350 = DEFINITIONAL_REPRESENTATION('',(#351),#359);
#351 = ( BOUNDED_CURVE() B_SPLINE_CURVE(2,(#352,#353,#354,#355,#356,#357
,#358),.UNSPECIFIED.,.T.,.F.) B_SPLINE_CURVE_WITH_KNOTS((1,2,2,2,2,1),(
    -2.094395102393,0.,2.094395102393,4.188790204786,6.28318530718,
8.377580409573),.UNSPECIFIED.) CURVE() GEOMETRIC_REPRESENTATION_ITEM() 
RATIONAL_B_SPLINE_CURVE((1.,0.5,1.,0.5,1.,0.5,1.)) REPRESENTATION_ITEM(
  '') );
#352 = CARTESIAN_POINT('',(13.3,10.));
#353 = CARTESIAN_POINT('',(13.3,4.284232335023));
#354 = CARTESIAN_POINT('',(8.35,7.142116167511));
#355 = CARTESIAN_POINT('',(3.4,10.));
#356 = CARTESIAN_POINT('',(8.35,12.857883832489));
#357 = CARTESIAN_POINT('',(13.3,15.715767664977));
#358 = CARTESIAN_POINT('',(13.3,10.));
#359 = ( GEOMETRIC_REPRESENTATION_CONTEXT(2) 
PARAMETRIC_REPRESENTATION_CONTEXT() REPRESENTATION_CONTEXT('2D SPACE',''
  ) );
#360 = PCURVE('',#361,#366);
#361 = CYLINDRICAL_SURFACE('',#362,3.3);
#362 = AXIS2_PLACEMENT_3D('',#363,#364,#365);
#363 = CARTESIAN_POINT('',(-45.,-50.,-1.));
#364 = DIRECTION('',(-0.,-0.,-1.));
#365 = DIRECTION('',(1.,0.,0.));
#366 = DEFINITIONAL_REPRESENTATION('',(#367),#371);
#367 = LINE('',#368,#369);
#368 = CARTESIAN_POINT('',(-6.28318530718,-15.));
#369 = VECTOR('',#370,1.);
#370 = DIRECTION('',(1.,-0.));
#371 = ( GEOMETRIC_REPRESENTATION_CONTEXT(2) 
PARAMETRIC_REPRESENTATION_CONTEXT() REPRESENTATION_CONTEXT('2D SPACE',''
  ) );
#372 = FACE_BOUND('',#373,.T.);
#373 = EDGE_LOOP('',(#374));
#374 = ORIENTED_EDGE('',*,*,#375,.T.);
#375 = EDGE_CURVE('',#376,#376,#378,.T.);
#376 = VERTEX_POINT('',#377);
#377 = CARTESIAN_POINT('',(61.5,-22.,14.));
#378 = SURFACE_CURVE('',#379,(#384,#395),.PCURVE_S1.);
#379 = CIRCLE('',#380,2.5);
#380 = AXIS2_PLACEMENT_3D('',#381,#382,#383);
#381 = CARTESIAN_POINT('',(59.,-22.,14.));
#382 = DIRECTION('',(0.,0.,-1.));
#383 = DIRECTION('',(1.,0.,0.));
#384 = PCURVE('',#44,#385);
#385 = DEFINITIONAL_REPRESENTATION('',(#386),#394);
#386 = ( BOUNDED_CURVE() B_SPLINE_CURVE(2,(#387,#388,#389,#390,#391,#392
,#393),.UNSPECIFIED.,.T.,.F.) B_SPLINE_CURVE_WITH_KNOTS((1,2,2,2,2,1),(
    -2.094395102393,0.,2.094395102393,4.188790204786,6.28318530718,
8.377580409573),.UNSPECIFIED.) CURVE() GEOMETRIC_REPRESENTATION_ITEM() 
RATIONAL_B_SPLINE_CURVE((1.,0.5,1.,0.5,1.,0.5,1.)) REPRESENTATION_ITEM(
  '') );
#387 = CARTESIAN_POINT('',(116.5,38.));
#388 = CARTESIAN_POINT('',(116.5,33.669872981078));
#389 = CARTESIAN_POINT('',(112.75,35.834936490539));
#390 = CARTESIAN_POINT('',(109.,38.));
#391 = CARTESIAN_POINT('',(112.75,40.165063509461));
#392 = CARTESIAN_POINT('',(116.5,42.330127018922));
#393 = CARTESIAN_POINT('',(116.5,38.));
#394 = ( GEOMETRIC_REPRESENTATION_CONTEXT(2) 
PARAMETRIC_REPRESENTATION_CONTEXT() REPRESENTATION_CONTEXT('2D SPACE',''
  ) );
#395 = PCURVE('',#396,#401);
#396 = CYLINDRICAL_SURFACE('',#397,2.5);
#397 = AXIS2_PLACEMENT_3D('',#398,#399,#400);
#398 = CARTESIAN_POINT('',(59.,-22.,-1.));
#399 = DIRECTION('',(-0.,-0.,-1.));
#400 = DIRECTION('',(1.,0.,0.));
#401 = DEFINITIONAL_REPRESENTATION('',(#402),#406);
#402 = LINE('',#403,#404);
#403 = CARTESIAN_POINT('',(-6.28318530718,-15.));
#404 = VECTOR('',#405,1.);
#405 = DIRECTION('',(1.,-0.));
#406 = ( GEOMETRIC_REPRESENTATION_CONTEXT(2) 
PARAMETRIC_REPRESENTATION_CONTEXT() REPRESENTATION_CONTEXT('2D SPACE',''
  ) );
#407 = FACE_BOUND('',#408,.T.);
#408 = EDGE_LOOP('',(#409));
#409 = ORIENTED_EDGE('',*,*,#410,.T.);
#410 = EDGE_CURVE('',#411,#411,#413,.T.);
#411 = VERTEX_POINT('',#412);
#412 = CARTESIAN_POINT('',(188.3,-50.,14.));
#413 = SURFACE_CURVE('',#414,(#419,#430),.PCURVE_S1.);
#414 = CIRCLE('',#415,3.3);
#415 = AXIS2_PLACEMENT_3D('',#416,#417,#418);
#416 = CARTESIAN_POINT('',(185.,-50.,14.));
#417 = DIRECTION('',(0.,0.,-1.));
#418 = DIRECTION('',(1.,0.,0.));
#419 = PCURVE('',#44,#420);
#420 = DEFINITIONAL_REPRESENTATION('',(#421),#429);
#421 = ( BOUNDED_CURVE() B_SPLINE_CURVE(2,(#422,#423,#424,#425,#426,#427
,#428),.UNSPECIFIED.,.T.,.F.) B_SPLINE_CURVE_WITH_KNOTS((1,2,2,2,2,1),(
    -2.094395102393,0.,2.094395102393,4.188790204786,6.28318530718,
8.377580409573),.UNSPECIFIED.) CURVE() GEOMETRIC_REPRESENTATION_ITEM() 
RATIONAL_B_SPLINE_CURVE((1.,0.5,1.,0.5,1.,0.5,1.)) REPRESENTATION_ITEM(
  '') );
#422 = CARTESIAN_POINT('',(243.3,10.));
#423 = CARTESIAN_POINT('',(243.3,4.284232335023));
#424 = CARTESIAN_POINT('',(238.35,7.142116167511));
#425 = CARTESIAN_POINT('',(233.4,10.));
#426 = CARTESIAN_POINT('',(238.35,12.857883832489));
#427 = CARTESIAN_POINT('',(243.3,15.715767664977));
#428 = CARTESIAN_POINT('',(243.3,10.));
#429 = ( GEOMETRIC_REPRESENTATION_CONTEXT(2) 
PARAMETRIC_REPRESENTATION_CONTEXT() REPRESENTATION_CONTEXT('2D SPACE',''
  ) );
#430 = PCURVE('',#431,#436);
#431 = CYLINDRICAL_SURFACE('',#432,3.3);
#432 = AXIS2_PLACEMENT_3D('',#433,#434,#435);
#433 = CARTESIAN_POINT('',(185.,-50.,-1.));
#434 = DIRECTION('',(-0.,-0.,-1.));
#435 = DIRECTION('',(1.,0.,0.));
#436 = DEFINITIONAL_REPRESENTATION('',(#437),#441);
#437 = LINE('',#438,#439);
#438 = CARTESIAN_POINT('',(-6.28318530718,-15.));
#439 = VECTOR('',#440,1.);
#440 = DIRECTION('',(1.,-0.));
#441 = ( GEOMETRIC_REPRESENTATION_CONTEXT(2) 
PARAMETRIC_REPRESENTATION_CONTEXT() REPRESENTATION_CONTEXT('2D SPACE',''
  ) );
#442 = FACE_BOUND('',#443,.T.);
#443 = EDGE_LOOP('',(#444));
#444 = ORIENTED_EDGE('',*,*,#445,.T.);
#445 = EDGE_CURVE('',#446,#446,#448,.T.);
#446 = VERTEX_POINT('',#447);
#447 = CARTESIAN_POINT('',(82.5,-22.1,14.));
#448 = SURFACE_CURVE('',#449,(#454,#465),.PCURVE_S1.);
#449 = CIRCLE('',#450,2.5);
#450 = AXIS2_PLACEMENT_3D('',#451,#452,#453);
#451 = CARTESIAN_POINT('',(80.,-22.1,14.));
#452 = DIRECTION('',(0.,0.,-1.));
#453 = DIRECTION('',(1.,0.,0.));
#454 = PCURVE('',#44,#455);
#455 = DEFINITIONAL_REPRESENTATION('',(#456),#464);
#456 = ( BOUNDED_CURVE() B_SPLINE_CURVE(2,(#457,#458,#459,#460,#461,#462
,#463),.UNSPECIFIED.,.T.,.F.) B_SPLINE_CURVE_WITH_KNOTS((1,2,2,2,2,1),(
    -2.094395102393,0.,2.094395102393,4.188790204786,6.28318530718,
8.377580409573),.UNSPECIFIED.) CURVE() GEOMETRIC_REPRESENTATION_ITEM() 
RATIONAL_B_SPLINE_CURVE((1.,0.5,1.,0.5,1.,0.5,1.)) REPRESENTATION_ITEM(
  '') );
#457 = CARTESIAN_POINT('',(137.5,37.9));
#458 = CARTESIAN_POINT('',(137.5,33.569872981078));
#459 = CARTESIAN_POINT('',(133.75,35.734936490539));
#460 = CARTESIAN_POINT('',(130.,37.9));
#461 = CARTESIAN_POINT('',(133.75,40.065063509461));
#462 = CARTESIAN_POINT('',(137.5,42.230127018922));
#463 = CARTESIAN_POINT('',(137.5,37.9));
#464 = ( GEOMETRIC_REPRESENTATION_CONTEXT(2) 
PARAMETRIC_REPRESENTATION_CONTEXT() REPRESENTATION_CONTEXT('2D SPACE',''
  ) );
#465 = PCURVE('',#466,#471);
#466 = CYLINDRICAL_SURFACE('',#467,2.5);
#467 = AXIS2_PLACEMENT_3D('',#468,#469,#470);
#468 = CARTESIAN_POINT('',(80.,-22.1,-1.));
#469 = DIRECTION('',(-0.,-0.,-1.));
#470 = DIRECTION('',(1.,0.,0.));
#471 = DEFINITIONAL_REPRESENTATION('',(#472),#476);
#472 = LINE('',#473,#474);
#473 = CARTESIAN_POINT('',(-6.28318530718,-15.));
#474 = VECTOR('',#475,1.);
#475 = DIRECTION('',(1.,-0.));
#476 = ( GEOMETRIC_REPRESENTATION_CONTEXT(2) 
PARAMETRIC_REPRESENTATION_CONTEXT() REPRESENTATION_CONTEXT('2D SPACE',''
  ) );
#477 = FACE_BOUND('',#478,.T.);
#478 = EDGE_LOOP('',(#479));
#479 = ORIENTED_EDGE('',*,*,#480,.T.);
#480 = EDGE_CURVE('',#481,#481,#483,.T.);
#481 = VERTEX_POINT('',#482);
#482 = CARTESIAN_POINT('',(122.5,-22.1,14.));
#483 = SURFACE_CURVE('',#484,(#489,#500),.PCURVE_S1.);
#484 = CIRCLE('',#485,2.5);
#485 = AXIS2_PLACEMENT_3D('',#486,#487,#488);
#486 = CARTESIAN_POINT('',(120.,-22.1,14.));
#487 = DIRECTION('',(0.,0.,-1.));
#488 = DIRECTION('',(1.,0.,0.));
#489 = PCURVE('',#44,#490);
#490 = DEFINITIONAL_REPRESENTATION('',(#491),#499);
#491 = ( BOUNDED_CURVE() B_SPLINE_CURVE(2,(#492,#493,#494,#495,#496,#497
,#498),.UNSPECIFIED.,.T.,.F.) B_SPLINE_CURVE_WITH_KNOTS((1,2,2,2,2,1),(
    -2.094395102393,0.,2.094395102393,4.188790204786,6.28318530718,
8.377580409573),.UNSPECIFIED.) CURVE() GEOMETRIC_REPRESENTATION_ITEM() 
RATIONAL_B_SPLINE_CURVE((1.,0.5,1.,0.5,1.,0.5,1.)) REPRESENTATION_ITEM(
  '') );
#492 = CARTESIAN_POINT('',(177.5,37.9));
#493 = CARTESIAN_POINT('',(177.5,33.569872981078));
#494 = CARTESIAN_POINT('',(173.75,35.734936490539));
#495 = CARTESIAN_POINT('',(170.,37.9));
#496 = CARTESIAN_POINT('',(173.75,40.065063509461));
#497 = CARTESIAN_POINT('',(177.5,42.230127018922));
#498 = CARTESIAN_POINT('',(177.5,37.9));
#499 = ( GEOMETRIC_REPRESENTATION_CONTEXT(2) 
PARAMETRIC_REPRESENTATION_CONTEXT() REPRESENTATION_CONTEXT('2D SPACE',''
  ) );
#500 = PCURVE('',#501,#506);
#501 = CYLINDRICAL_SURFACE('',#502,2.5);
#502 = AXIS2_PLACEMENT_3D('',#503,#504,#505);
#503 = CARTESIAN_POINT('',(120.,-22.1,-1.));
#504 = DIRECTION('',(-0.,-0.,-1.));
#505 = DIRECTION('',(1.,0.,0.));
#506 = DEFINITIONAL_REPRESENTATION('',(#507),#511);
#507 = LINE('',#508,#509);
#508 = CARTESIAN_POINT('',(-6.28318530718,-15.));
#509 = VECTOR('',#510,1.);
#510 = DIRECTION('',(1.,-0.));
#511 = ( GEOMETRIC_REPRESENTATION_CONTEXT(2) 
PARAMETRIC_REPRESENTATION_CONTEXT() REPRESENTATION_CONTEXT('2D SPACE',''
  ) );
#512 = FACE_BOUND('',#513,.T.);
#513 = EDGE_LOOP('',(#514));
#514 = ORIENTED_EDGE('',*,*,#515,.T.);
#515 = EDGE_CURVE('',#516,#516,#518,.T.);
#516 = VERTEX_POINT('',#517);
#517 = CARTESIAN_POINT('',(162.5,-22.1,14.));
#518 = SURFACE_CURVE('',#519,(#524,#535),.PCURVE_S1.);
#519 = CIRCLE('',#520,2.5);
#520 = AXIS2_PLACEMENT_3D('',#521,#522,#523);
#521 = CARTESIAN_POINT('',(160.,-22.1,14.));
#522 = DIRECTION('',(0.,0.,-1.));
#523 = DIRECTION('',(1.,0.,0.));
#524 = PCURVE('',#44,#525);
#525 = DEFINITIONAL_REPRESENTATION('',(#526),#534);
#526 = ( BOUNDED_CURVE() B_SPLINE_CURVE(2,(#527,#528,#529,#530,#531,#532
,#533),.UNSPECIFIED.,.T.,.F.) B_SPLINE_CURVE_WITH_KNOTS((1,2,2,2,2,1),(
    -2.094395102393,0.,2.094395102393,4.188790204786,6.28318530718,
8.377580409573),.UNSPECIFIED.) CURVE() GEOMETRIC_REPRESENTATION_ITEM() 
RATIONAL_B_SPLINE_CURVE((1.,0.5,1.,0.5,1.,0.5,1.)) REPRESENTATION_ITEM(
  '') );
#527 = CARTESIAN_POINT('',(217.5,37.9));
#528 = CARTESIAN_POINT('',(217.5,33.569872981078));
#529 = CARTESIAN_POINT('',(213.75,35.734936490539));
#530 = CARTESIAN_POINT('',(210.,37.9));
#531 = CARTESIAN_POINT('',(213.75,40.065063509461));
#532 = CARTESIAN_POINT('',(217.5,42.230127018922));
#533 = CARTESIAN_POINT('',(217.5,37.9));
#534 = ( GEOMETRIC_REPRESENTATION_CONTEXT(2) 
PARAMETRIC_REPRESENTATION_CONTEXT() REPRESENTATION_CONTEXT('2D SPACE',''
  ) );
#535 = PCURVE('',#536,#541);
#536 = CYLINDRICAL_SURFACE('',#537,2.5);
#537 = AXIS2_PLACEMENT_3D('',#538,#539,#540);
#538 = CARTESIAN_POINT('',(160.,-22.1,-1.));
#539 = DIRECTION('',(-0.,-0.,-1.));
#540 = DIRECTION('',(1.,0.,0.));
#541 = DEFINITIONAL_REPRESENTATION('',(#542),#546);
#542 = LINE('',#543,#544);
#543 = CARTESIAN_POINT('',(-6.28318530718,-15.));
#544 = VECTOR('',#545,1.);
#545 = DIRECTION('',(1.,-0.));
#546 = ( GEOMETRIC_REPRESENTATION_CONTEXT(2) 
PARAMETRIC_REPRESENTATION_CONTEXT() REPRESENTATION_CONTEXT('2D SPACE',''
  ) );
#547 = FACE_BOUND('',#548,.T.);
#548 = EDGE_LOOP('',(#549));
#549 = ORIENTED_EDGE('',*,*,#550,.T.);
#550 = EDGE_CURVE('',#551,#551,#553,.T.);
#551 = VERTEX_POINT('',#552);
#552 = CARTESIAN_POINT('',(183.5,-22.,14.));
#553 = SURFACE_CURVE('',#554,(#559,#570),.PCURVE_S1.);
#554 = CIRCLE('',#555,2.5);
#555 = AXIS2_PLACEMENT_3D('',#556,#557,#558);
#556 = CARTESIAN_POINT('',(181.,-22.,14.));
#557 = DIRECTION('',(0.,0.,-1.));
#558 = DIRECTION('',(1.,0.,0.));
#559 = PCURVE('',#44,#560);
#560 = DEFINITIONAL_REPRESENTATION('',(#561),#569);
#561 = ( BOUNDED_CURVE() B_SPLINE_CURVE(2,(#562,#563,#564,#565,#566,#567
,#568),.UNSPECIFIED.,.T.,.F.) B_SPLINE_CURVE_WITH_KNOTS((1,2,2,2,2,1),(
    -2.094395102393,0.,2.094395102393,4.188790204786,6.28318530718,
8.377580409573),.UNSPECIFIED.) CURVE() GEOMETRIC_REPRESENTATION_ITEM() 
RATIONAL_B_SPLINE_CURVE((1.,0.5,1.,0.5,1.,0.5,1.)) REPRESENTATION_ITEM(
  '') );
#562 = CARTESIAN_POINT('',(238.5,38.));
#563 = CARTESIAN_POINT('',(238.5,33.669872981078));
#564 = CARTESIAN_POINT('',(234.75,35.834936490539));
#565 = CARTESIAN_POINT('',(231.,38.));
#566 = CARTESIAN_POINT('',(234.75,40.165063509461));
#567 = CARTESIAN_POINT('',(238.5,42.330127018922));
#568 = CARTESIAN_POINT('',(238.5,38.));
#569 = ( GEOMETRIC_REPRESENTATION_CONTEXT(2) 
PARAMETRIC_REPRESENTATION_CONTEXT() REPRESENTATION_CONTEXT('2D SPACE',''
  ) );
#570 = PCURVE('',#571,#576);
#571 = CYLINDRICAL_SURFACE('',#572,2.5);
#572 = AXIS2_PLACEMENT_3D('',#573,#574,#575);
#573 = CARTESIAN_POINT('',(181.,-22.,-1.));
#574 = DIRECTION('',(-0.,-0.,-1.));
#575 = DIRECTION('',(1.,0.,0.));
#576 = DEFINITIONAL_REPRESENTATION('',(#577),#581);
#577 = LINE('',#578,#579);
#578 = CARTESIAN_POINT('',(-6.28318530718,-15.));
#579 = VECTOR('',#580,1.);
#580 = DIRECTION('',(1.,-0.));
#581 = ( GEOMETRIC_REPRESENTATION_CONTEXT(2) 
PARAMETRIC_REPRESENTATION_CONTEXT() REPRESENTATION_CONTEXT('2D SPACE',''
  ) );
#582 = FACE_BOUND('',#583,.T.);
#583 = EDGE_LOOP('',(#584));
#584 = ORIENTED_EDGE('',*,*,#585,.T.);
#585 = EDGE_CURVE('',#586,#586,#588,.T.);
#586 = VERTEX_POINT('',#587);
#587 = CARTESIAN_POINT('',(3.,0.,14.));
#588 = SURFACE_CURVE('',#589,(#594,#605),.PCURVE_S1.);
#589 = CIRCLE('',#590,3.);
#590 = AXIS2_PLACEMENT_3D('',#591,#592,#593);
#591 = CARTESIAN_POINT('',(0.,0.,14.));
#592 = DIRECTION('',(0.,0.,-1.));
#593 = DIRECTION('',(1.,0.,0.));
#594 = PCURVE('',#44,#595);
#595 = DEFINITIONAL_REPRESENTATION('',(#596),#604);
#596 = ( BOUNDED_CURVE() B_SPLINE_CURVE(2,(#597,#598,#599,#600,#601,#602
,#603),.UNSPECIFIED.,.T.,.F.) B_SPLINE_CURVE_WITH_KNOTS((1,2,2,2,2,1),(
    -2.094395102393,0.,2.094395102393,4.188790204786,6.28318530718,
8.377580409573),.UNSPECIFIED.) CURVE() GEOMETRIC_REPRESENTATION_ITEM() 
RATIONAL_B_SPLINE_CURVE((1.,0.5,1.,0.5,1.,0.5,1.)) REPRESENTATION_ITEM(
  '') );
#597 = CARTESIAN_POINT('',(58.,60.));
#598 = CARTESIAN_POINT('',(58.,54.803847577293));
#599 = CARTESIAN_POINT('',(53.5,57.401923788647));
#600 = CARTESIAN_POINT('',(49.,60.));
#601 = CARTESIAN_POINT('',(53.5,62.598076211353));
#602 = CARTESIAN_POINT('',(58.,65.196152422707));
#603 = CARTESIAN_POINT('',(58.,60.));
#604 = ( GEOMETRIC_REPRESENTATION_CONTEXT(2) 
PARAMETRIC_REPRESENTATION_CONTEXT() REPRESENTATION_CONTEXT('2D SPACE',''
  ) );
#605 = PCURVE('',#606,#611);
#606 = CYLINDRICAL_SURFACE('',#607,3.);
#607 = AXIS2_PLACEMENT_3D('',#608,#609,#610);
#608 = CARTESIAN_POINT('',(0.,0.,-1.));
#609 = DIRECTION('',(-0.,-0.,-1.));
#610 = DIRECTION('',(1.,0.,0.));
#611 = DEFINITIONAL_REPRESENTATION('',(#612),#616);
#612 = LINE('',#613,#614);
#613 = CARTESIAN_POINT('',(-6.28318530718,-15.));
#614 = VECTOR('',#615,1.);
#615 = DIRECTION('',(1.,-0.));
#616 = ( GEOMETRIC_REPRESENTATION_CONTEXT(2) 
PARAMETRIC_REPRESENTATION_CONTEXT() REPRESENTATION_CONTEXT('2D SPACE',''
  ) );
#617 = FACE_BOUND('',#618,.T.);
#618 = EDGE_LOOP('',(#619));
#619 = ORIENTED_EDGE('',*,*,#620,.T.);
#620 = EDGE_CURVE('',#621,#621,#623,.T.);
#621 = VERTEX_POINT('',#622);
#622 = CARTESIAN_POINT('',(61.5,22.,14.));
#623 = SURFACE_CURVE('',#624,(#629,#640),.PCURVE_S1.);
#624 = CIRCLE('',#625,2.5);
#625 = AXIS2_PLACEMENT_3D('',#626,#627,#628);
#626 = CARTESIAN_POINT('',(59.,22.,14.));
#627 = DIRECTION('',(0.,0.,-1.));
#628 = DIRECTION('',(1.,0.,0.));
#629 = PCURVE('',#44,#630);
#630 = DEFINITIONAL_REPRESENTATION('',(#631),#639);
#631 = ( BOUNDED_CURVE() B_SPLINE_CURVE(2,(#632,#633,#634,#635,#636,#637
,#638),.UNSPECIFIED.,.T.,.F.) B_SPLINE_CURVE_WITH_KNOTS((1,2,2,2,2,1),(
    -2.094395102393,0.,2.094395102393,4.188790204786,6.28318530718,
8.377580409573),.UNSPECIFIED.) CURVE() GEOMETRIC_REPRESENTATION_ITEM() 
RATIONAL_B_SPLINE_CURVE((1.,0.5,1.,0.5,1.,0.5,1.)) REPRESENTATION_ITEM(
  '') );
#632 = CARTESIAN_POINT('',(116.5,82.));
#633 = CARTESIAN_POINT('',(116.5,77.669872981078));
#634 = CARTESIAN_POINT('',(112.75,79.834936490539));
#635 = CARTESIAN_POINT('',(109.,82.));
#636 = CARTESIAN_POINT('',(112.75,84.165063509461));
#637 = CARTESIAN_POINT('',(116.5,86.330127018922));
#638 = CARTESIAN_POINT('',(116.5,82.));
#639 = ( GEOMETRIC_REPRESENTATION_CONTEXT(2) 
PARAMETRIC_REPRESENTATION_CONTEXT() REPRESENTATION_CONTEXT('2D SPACE',''
  ) );
#640 = PCURVE('',#641,#646);
#641 = CYLINDRICAL_SURFACE('',#642,2.5);
#642 = AXIS2_PLACEMENT_3D('',#643,#644,#645);
#643 = CARTESIAN_POINT('',(59.,22.,-1.));
#644 = DIRECTION('',(-0.,-0.,-1.));
#645 = DIRECTION('',(1.,0.,0.));
#646 = DEFINITIONAL_REPRESENTATION('',(#647),#651);
#647 = LINE('',#648,#649);
#648 = CARTESIAN_POINT('',(-6.28318530718,-15.));
#649 = VECTOR('',#650,1.);
#650 = DIRECTION('',(1.,-0.));
#651 = ( GEOMETRIC_REPRESENTATION_CONTEXT(2) 
PARAMETRIC_REPRESENTATION_CONTEXT() REPRESENTATION_CONTEXT('2D SPACE',''
  ) );
#652 = FACE_BOUND('',#653,.T.);
#653 = EDGE_LOOP('',(#654));
#654 = ORIENTED_EDGE('',*,*,#655,.T.);
#655 = EDGE_CURVE('',#656,#656,#658,.T.);
#656 = VERTEX_POINT('',#657);
#657 = CARTESIAN_POINT('',(-41.7,50.,14.));
#658 = SURFACE_CURVE('',#659,(#664,#675),.PCURVE_S1.);
#659 = CIRCLE('',#660,3.3);
#660 = AXIS2_PLACEMENT_3D('',#661,#662,#663);
#661 = CARTESIAN_POINT('',(-45.,50.,14.));
#662 = DIRECTION('',(0.,0.,-1.));
#663 = DIRECTION('',(1.,0.,0.));
#664 = PCURVE('',#44,#665);
#665 = DEFINITIONAL_REPRESENTATION('',(#666),#674);
#666 = ( BOUNDED_CURVE() B_SPLINE_CURVE(2,(#667,#668,#669,#670,#671,#672
,#673),.UNSPECIFIED.,.T.,.F.) B_SPLINE_CURVE_WITH_KNOTS((1,2,2,2,2,1),(
    -2.094395102393,0.,2.094395102393,4.188790204786,6.28318530718,
8.377580409573),.UNSPECIFIED.) CURVE() GEOMETRIC_REPRESENTATION_ITEM() 
RATIONAL_B_SPLINE_CURVE((1.,0.5,1.,0.5,1.,0.5,1.)) REPRESENTATION_ITEM(
  '') );
#667 = CARTESIAN_POINT('',(13.3,110.));
#668 = CARTESIAN_POINT('',(13.3,104.28423233502));
#669 = CARTESIAN_POINT('',(8.35,107.14211616751));
#670 = CARTESIAN_POINT('',(3.4,110.));
#671 = CARTESIAN_POINT('',(8.35,112.85788383248));
#672 = CARTESIAN_POINT('',(13.3,115.71576766497));
#673 = CARTESIAN_POINT('',(13.3,110.));
#674 = ( GEOMETRIC_REPRESENTATION_CONTEXT(2) 
PARAMETRIC_REPRESENTATION_CONTEXT() REPRESENTATION_CONTEXT('2D SPACE',''
  ) );
#675 = PCURVE('',#676,#681);
#676 = CYLINDRICAL_SURFACE('',#677,3.3);
#677 = AXIS2_PLACEMENT_3D('',#678,#679,#680);
#678 = CARTESIAN_POINT('',(-45.,50.,-1.));
#679 = DIRECTION('',(-0.,-0.,-1.));
#680 = DIRECTION('',(1.,0.,0.));
#681 = DEFINITIONAL_REPRESENTATION('',(#682),#686);
#682 = LINE('',#683,#684);
#683 = CARTESIAN_POINT('',(-6.28318530718,-15.));
#684 = VECTOR('',#685,1.);
#685 = DIRECTION('',(1.,-0.));
#686 = ( GEOMETRIC_REPRESENTATION_CONTEXT(2) 
PARAMETRIC_REPRESENTATION_CONTEXT() REPRESENTATION_CONTEXT('2D SPACE',''
  ) );
#687 = FACE_BOUND('',#688,.T.);
#688 = EDGE_LOOP('',(#689));
#689 = ORIENTED_EDGE('',*,*,#690,.T.);
#690 = EDGE_CURVE('',#691,#691,#693,.T.);
#691 = VERTEX_POINT('',#692);
#692 = CARTESIAN_POINT('',(82.5,22.1,14.));
#693 = SURFACE_CURVE('',#694,(#699,#710),.PCURVE_S1.);
#694 = CIRCLE('',#695,2.5);
#695 = AXIS2_PLACEMENT_3D('',#696,#697,#698);
#696 = CARTESIAN_POINT('',(80.,22.1,14.));
#697 = DIRECTION('',(0.,0.,-1.));
#698 = DIRECTION('',(1.,0.,0.));
#699 = PCURVE('',#44,#700);
#700 = DEFINITIONAL_REPRESENTATION('',(#701),#709);
#701 = ( BOUNDED_CURVE() B_SPLINE_CURVE(2,(#702,#703,#704,#705,#706,#707
,#708),.UNSPECIFIED.,.T.,.F.) B_SPLINE_CURVE_WITH_KNOTS((1,2,2,2,2,1),(
    -2.094395102393,0.,2.094395102393,4.188790204786,6.28318530718,
8.377580409573),.UNSPECIFIED.) CURVE() GEOMETRIC_REPRESENTATION_ITEM() 
RATIONAL_B_SPLINE_CURVE((1.,0.5,1.,0.5,1.,0.5,1.)) REPRESENTATION_ITEM(
  '') );
#702 = CARTESIAN_POINT('',(137.5,82.1));
#703 = CARTESIAN_POINT('',(137.5,77.769872981078));
#704 = CARTESIAN_POINT('',(133.75,79.934936490539));
#705 = CARTESIAN_POINT('',(130.,82.1));
#706 = CARTESIAN_POINT('',(133.75,84.265063509461));
#707 = CARTESIAN_POINT('',(137.5,86.430127018922));
#708 = CARTESIAN_POINT('',(137.5,82.1));
#709 = ( GEOMETRIC_REPRESENTATION_CONTEXT(2) 
PARAMETRIC_REPRESENTATION_CONTEXT() REPRESENTATION_CONTEXT('2D SPACE',''
  ) );
#710 = PCURVE('',#711,#716);
#711 = CYLINDRICAL_SURFACE('',#712,2.5);
#712 = AXIS2_PLACEMENT_3D('',#713,#714,#715);
#713 = CARTESIAN_POINT('',(80.,22.1,-1.));
#714 = DIRECTION('',(-0.,-0.,-1.));
#715 = DIRECTION('',(1.,0.,0.));
#716 = DEFINITIONAL_REPRESENTATION('',(#717),#721);
#717 = LINE('',#718,#719);
#718 = CARTESIAN_POINT('',(-6.28318530718,-15.));
#719 = VECTOR('',#720,1.);
#720 = DIRECTION('',(1.,-0.));
#721 = ( GEOMETRIC_REPRESENTATION_CONTEXT(2) 
PARAMETRIC_REPRESENTATION_CONTEXT() REPRESENTATION_CONTEXT('2D SPACE',''
  ) );
#722 = FACE_BOUND('',#723,.T.);
#723 = EDGE_LOOP('',(#724));
#724 = ORIENTED_EDGE('',*,*,#725,.T.);
#725 = EDGE_CURVE('',#726,#726,#728,.T.);
#726 = VERTEX_POINT('',#727);
#727 = CARTESIAN_POINT('',(122.5,22.1,14.));
#728 = SURFACE_CURVE('',#729,(#734,#745),.PCURVE_S1.);
#729 = CIRCLE('',#730,2.5);
#730 = AXIS2_PLACEMENT_3D('',#731,#732,#733);
#731 = CARTESIAN_POINT('',(120.,22.1,14.));
#732 = DIRECTION('',(0.,0.,-1.));
#733 = DIRECTION('',(1.,0.,0.));
#734 = PCURVE('',#44,#735);
#735 = DEFINITIONAL_REPRESENTATION('',(#736),#744);
#736 = ( BOUNDED_CURVE() B_SPLINE_CURVE(2,(#737,#738,#739,#740,#741,#742
,#743),.UNSPECIFIED.,.T.,.F.) B_SPLINE_CURVE_WITH_KNOTS((1,2,2,2,2,1),(
    -2.094395102393,0.,2.094395102393,4.188790204786,6.28318530718,
8.377580409573),.UNSPECIFIED.) CURVE() GEOMETRIC_REPRESENTATION_ITEM() 
RATIONAL_B_SPLINE_CURVE((1.,0.5,1.,0.5,1.,0.5,1.)) REPRESENTATION_ITEM(
  '') );
#737 = CARTESIAN_POINT('',(177.5,82.1));
#738 = CARTESIAN_POINT('',(177.5,77.769872981078));
#739 = CARTESIAN_POINT('',(173.75,79.934936490539));
#740 = CARTESIAN_POINT('',(170.,82.1));
#741 = CARTESIAN_POINT('',(173.75,84.265063509461));
#742 = CARTESIAN_POINT('',(177.5,86.430127018922));
#743 = CARTESIAN_POINT('',(177.5,82.1));
#744 = ( GEOMETRIC_REPRESENTATION_CONTEXT(2) 
PARAMETRIC_REPRESENTATION_CONTEXT() REPRESENTATION_CONTEXT('2D SPACE',''
  ) );
#745 = PCURVE('',#746,#751);
#746 = CYLINDRICAL_SURFACE('',#747,2.5);
#747 = AXIS2_PLACEMENT_3D('',#748,#749,#750);
#748 = CARTESIAN_POINT('',(120.,22.1,-1.));
#749 = DIRECTION('',(-0.,-0.,-1.));
#750 = DIRECTION('',(1.,0.,0.));
#751 = DEFINITIONAL_REPRESENTATION('',(#752),#756);
#752 = LINE('',#753,#754);
#753 = CARTESIAN_POINT('',(-6.28318530718,-15.));
#754 = VECTOR('',#755,1.);
#755 = DIRECTION('',(1.,-0.));
#756 = ( GEOMETRIC_REPRESENTATION_CONTEXT(2) 
PARAMETRIC_REPRESENTATION_CONTEXT() REPRESENTATION_CONTEXT('2D SPACE',''
  ) );
#757 = FACE_BOUND('',#758,.T.);
#758 = EDGE_LOOP('',(#759));
#759 = ORIENTED_EDGE('',*,*,#760,.T.);
#760 = EDGE_CURVE('',#761,#761,#763,.T.);
#761 = VERTEX_POINT('',#762);
#762 = CARTESIAN_POINT('',(162.5,22.1,14.));
#763 = SURFACE_CURVE('',#764,(#769,#780),.PCURVE_S1.);
#764 = CIRCLE('',#765,2.5);
#765 = AXIS2_PLACEMENT_3D('',#766,#767,#768);
#766 = CARTESIAN_POINT('',(160.,22.1,14.));
#767 = DIRECTION('',(0.,0.,-1.));
#768 = DIRECTION('',(1.,0.,0.));
#769 = PCURVE('',#44,#770);
#770 = DEFINITIONAL_REPRESENTATION('',(#771),#779);
#771 = ( BOUNDED_CURVE() B_SPLINE_CURVE(2,(#772,#773,#774,#775,#776,#777
,#778),.UNSPECIFIED.,.T.,.F.) B_SPLINE_CURVE_WITH_KNOTS((1,2,2,2,2,1),(
    -2.094395102393,0.,2.094395102393,4.188790204786,6.28318530718,
8.377580409573),.UNSPECIFIED.) CURVE() GEOMETRIC_REPRESENTATION_ITEM() 
RATIONAL_B_SPLINE_CURVE((1.,0.5,1.,0.5,1.,0.5,1.)) REPRESENTATION_ITEM(
  '') );
#772 = CARTESIAN_POINT('',(217.5,82.1));
#773 = CARTESIAN_POINT('',(217.5,77.769872981078));
#774 = CARTESIAN_POINT('',(213.75,79.934936490539));
#775 = CARTESIAN_POINT('',(210.,82.1));
#776 = CARTESIAN_POINT('',(213.75,84.265063509461));
#777 = CARTESIAN_POINT('',(217.5,86.430127018922));
#778 = CARTESIAN_POINT('',(217.5,82.1));
#779 = ( GEOMETRIC_REPRESENTATION_CONTEXT(2) 
PARAMETRIC_REPRESENTATION_CONTEXT() REPRESENTATION_CONTEXT('2D SPACE',''
  ) );
#780 = PCURVE('',#781,#786);
#781 = CYLINDRICAL_SURFACE('',#782,2.5);
#782 = AXIS2_PLACEMENT_3D('',#783,#784,#785);
#783 = CARTESIAN_POINT('',(160.,22.1,-1.));
#784 = DIRECTION('',(-0.,-0.,-1.));
#785 = DIRECTION('',(1.,0.,0.));
#786 = DEFINITIONAL_REPRESENTATION('',(#787),#791);
#787 = LINE('',#788,#789);
#788 = CARTESIAN_POINT('',(-6.28318530718,-15.));
#789 = VECTOR('',#790,1.);
#790 = DIRECTION('',(1.,-0.));
#791 = ( GEOMETRIC_REPRESENTATION_CONTEXT(2) 
PARAMETRIC_REPRESENTATION_CONTEXT() REPRESENTATION_CONTEXT('2D SPACE',''
  ) );
#792 = FACE_BOUND('',#793,.T.);
#793 = EDGE_LOOP('',(#794));
#794 = ORIENTED_EDGE('',*,*,#795,.T.);
#795 = EDGE_CURVE('',#796,#796,#798,.T.);
#796 = VERTEX_POINT('',#797);
#797 = CARTESIAN_POINT('',(183.5,22.,14.));
#798 = SURFACE_CURVE('',#799,(#804,#815),.PCURVE_S1.);
#799 = CIRCLE('',#800,2.5);
#800 = AXIS2_PLACEMENT_3D('',#801,#802,#803);
#801 = CARTESIAN_POINT('',(181.,22.,14.));
#802 = DIRECTION('',(0.,0.,-1.));
#803 = DIRECTION('',(1.,0.,0.));
#804 = PCURVE('',#44,#805);
#805 = DEFINITIONAL_REPRESENTATION('',(#806),#814);
#806 = ( BOUNDED_CURVE() B_SPLINE_CURVE(2,(#807,#808,#809,#810,#811,#812
,#813),.UNSPECIFIED.,.T.,.F.) B_SPLINE_CURVE_WITH_KNOTS((1,2,2,2,2,1),(
    -2.094395102393,0.,2.094395102393,4.188790204786,6.28318530718,
8.377580409573),.UNSPECIFIED.) CURVE() GEOMETRIC_REPRESENTATION_ITEM() 
RATIONAL_B_SPLINE_CURVE((1.,0.5,1.,0.5,1.,0.5,1.)) REPRESENTATION_ITEM(
  '') );
#807 = CARTESIAN_POINT('',(238.5,82.));
#808 = CARTESIAN_POINT('',(238.5,77.669872981078));
#809 = CARTESIAN_POINT('',(234.75,79.834936490539));
#810 = CARTESIAN_POINT('',(231.,82.));
#811 = CARTESIAN_POINT('',(234.75,84.165063509461));
#812 = CARTESIAN_POINT('',(238.5,86.330127018922));
#813 = CARTESIAN_POINT('',(238.5,82.));
#814 = ( GEOMETRIC_REPRESENTATION_CONTEXT(2) 
PARAMETRIC_REPRESENTATION_CONTEXT() REPRESENTATION_CONTEXT('2D SPACE',''
  ) );
#815 = PCURVE('',#816,#821);
#816 = CYLINDRICAL_SURFACE('',#817,2.5);
#817 = AXIS2_PLACEMENT_3D('',#818,#819,#820);
#818 = CARTESIAN_POINT('',(181.,22.,-1.));
#819 = DIRECTION('',(-0.,-0.,-1.));
#820 = DIRECTION('',(1.,0.,0.));
#821 = DEFINITIONAL_REPRESENTATION('',(#822),#826);
#822 = LINE('',#823,#824);
#823 = CARTESIAN_POINT('',(-6.28318530718,-15.));
#824 = VECTOR('',#825,1.);
#825 = DIRECTION('',(1.,-0.));
#826 = ( GEOMETRIC_REPRESENTATION_CONTEXT(2) 
PARAMETRIC_REPRESENTATION_CONTEXT() REPRESENTATION_CONTEXT('2D SPACE',''
  ) );
#827 = FACE_BOUND('',#828,.T.);
#828 = EDGE_LOOP('',(#829));
#829 = ORIENTED_EDGE('',*,*,#830,.T.);
#830 = EDGE_CURVE('',#831,#831,#833,.T.);
#831 = VERTEX_POINT('',#832);
#832 = CARTESIAN_POINT('',(188.3,50.,14.));
#833 = SURFACE_CURVE('',#834,(#839,#850),.PCURVE_S1.);
#834 = CIRCLE('',#835,3.3);
#835 = AXIS2_PLACEMENT_3D('',#836,#837,#838);
#836 = CARTESIAN_POINT('',(185.,50.,14.));
#837 = DIRECTION('',(0.,0.,-1.));
#838 = DIRECTION('',(1.,0.,0.));
#839 = PCURVE('',#44,#840);
#840 = DEFINITIONAL_REPRESENTATION('',(#841),#849);
#841 = ( BOUNDED_CURVE() B_SPLINE_CURVE(2,(#842,#843,#844,#845,#846,#847
,#848),.UNSPECIFIED.,.T.,.F.) B_SPLINE_CURVE_WITH_KNOTS((1,2,2,2,2,1),(
    -2.094395102393,0.,2.094395102393,4.188790204786,6.28318530718,
8.377580409573),.UNSPECIFIED.) CURVE() GEOMETRIC_REPRESENTATION_ITEM() 
RATIONAL_B_SPLINE_CURVE((1.,0.5,1.,0.5,1.,0.5,1.)) REPRESENTATION_ITEM(
  '') );
#842 = CARTESIAN_POINT('',(243.3,110.));
#843 = CARTESIAN_POINT('',(243.3,104.28423233502));
#844 = CARTESIAN_POINT('',(238.35,107.14211616751));
#845 = CARTESIAN_POINT('',(233.4,110.));
#846 = CARTESIAN_POINT('',(238.35,112.85788383248));
#847 = CARTESIAN_POINT('',(243.3,115.71576766497));
#848 = CARTESIAN_POINT('',(243.3,110.));
#849 = ( GEOMETRIC_REPRESENTATION_CONTEXT(2) 
PARAMETRIC_REPRESENTATION_CONTEXT() REPRESENTATION_CONTEXT('2D SPACE',''
  ) );
#850 = PCURVE('',#851,#856);
#851 = CYLINDRICAL_SURFACE('',#852,3.3);
#852 = AXIS2_PLACEMENT_3D('',#853,#854,#855);
#853 = CARTESIAN_POINT('',(185.,50.,-1.));
#854 = DIRECTION('',(-0.,-0.,-1.));
#855 = DIRECTION('',(1.,0.,0.));
#856 = DEFINITIONAL_REPRESENTATION('',(#857),#861);
#857 = LINE('',#858,#859);
#858 = CARTESIAN_POINT('',(-6.28318530718,-15.));
#859 = VECTOR('',#860,1.);
#860 = DIRECTION('',(1.,-0.));
#861 = ( GEOMETRIC_REPRESENTATION_CONTEXT(2) 
PARAMETRIC_REPRESENTATION_CONTEXT() REPRESENTATION_CONTEXT('2D SPACE',''
  ) );
#862 = ADVANCED_FACE('',(#863),#72,.T.);
#863 = FACE_BOUND('',#864,.T.);
#864 = EDGE_LOOP('',(#865,#889,#910,#911));
#865 = ORIENTED_EDGE('',*,*,#866,.T.);
#866 = EDGE_CURVE('',#57,#867,#869,.T.);
#867 = VERTEX_POINT('',#868);
#868 = CARTESIAN_POINT('',(-50.,-60.,0.));
#869 = SURFACE_CURVE('',#870,(#875,#882),.PCURVE_S1.);
#870 = CIRCLE('',#871,5.);
#871 = AXIS2_PLACEMENT_3D('',#872,#873,#874);
#872 = CARTESIAN_POINT('',(-50.,-55.,0.));
#873 = DIRECTION('',(0.,0.,1.));
#874 = DIRECTION('',(0.,-1.,0.));
#875 = PCURVE('',#72,#876);
#876 = DEFINITIONAL_REPRESENTATION('',(#877),#881);
#877 = LINE('',#878,#879);
#878 = CARTESIAN_POINT('',(-4.712388980385,0.));
#879 = VECTOR('',#880,1.);
#880 = DIRECTION('',(1.,0.));
#881 = ( GEOMETRIC_REPRESENTATION_CONTEXT(2) 
PARAMETRIC_REPRESENTATION_CONTEXT() REPRESENTATION_CONTEXT('2D SPACE',''
  ) );
#882 = PCURVE('',#100,#883);
#883 = DEFINITIONAL_REPRESENTATION('',(#884),#888);
#884 = CIRCLE('',#885,5.);
#885 = AXIS2_PLACEMENT_2D('',#886,#887);
#886 = CARTESIAN_POINT('',(5.,5.));
#887 = DIRECTION('',(0.,-1.));
#888 = ( GEOMETRIC_REPRESENTATION_CONTEXT(2) 
PARAMETRIC_REPRESENTATION_CONTEXT() REPRESENTATION_CONTEXT('2D SPACE',''
  ) );
#889 = ORIENTED_EDGE('',*,*,#890,.T.);
#890 = EDGE_CURVE('',#867,#143,#891,.T.);
#891 = SURFACE_CURVE('',#892,(#896,#903),.PCURVE_S1.);
#892 = LINE('',#893,#894);
#893 = CARTESIAN_POINT('',(-50.,-60.,0.));
#894 = VECTOR('',#895,1.);
#895 = DIRECTION('',(0.,0.,1.));
#896 = PCURVE('',#72,#897);
#897 = DEFINITIONAL_REPRESENTATION('',(#898),#902);
#898 = LINE('',#899,#900);
#899 = CARTESIAN_POINT('',(1.570796326795,0.));
#900 = VECTOR('',#901,1.);
#901 = DIRECTION('',(0.,1.));
#902 = ( GEOMETRIC_REPRESENTATION_CONTEXT(2) 
PARAMETRIC_REPRESENTATION_CONTEXT() REPRESENTATION_CONTEXT('2D SPACE',''
  ) );
#903 = PCURVE('',#182,#904);
#904 = DEFINITIONAL_REPRESENTATION('',(#905),#909);
#905 = LINE('',#906,#907);
#906 = CARTESIAN_POINT('',(0.,5.));
#907 = VECTOR('',#908,1.);
#908 = DIRECTION('',(1.,0.));
#909 = ( GEOMETRIC_REPRESENTATION_CONTEXT(2) 
PARAMETRIC_REPRESENTATION_CONTEXT() REPRESENTATION_CONTEXT('2D SPACE',''
  ) );
#910 = ORIENTED_EDGE('',*,*,#142,.F.);
#911 = ORIENTED_EDGE('',*,*,#56,.F.);
#912 = ADVANCED_FACE('',(#913),#126,.T.);
#913 = FACE_BOUND('',#914,.F.);
#914 = EDGE_LOOP('',(#915,#943,#964,#965));
#915 = ORIENTED_EDGE('',*,*,#916,.T.);
#916 = EDGE_CURVE('',#85,#917,#919,.T.);
#917 = VERTEX_POINT('',#918);
#918 = CARTESIAN_POINT('',(-50.,60.,0.));
#919 = SURFACE_CURVE('',#920,(#925,#932),.PCURVE_S1.);
#920 = CIRCLE('',#921,5.);
#921 = AXIS2_PLACEMENT_3D('',#922,#923,#924);
#922 = CARTESIAN_POINT('',(-50.,55.,0.));
#923 = DIRECTION('',(-0.,-0.,-1.));
#924 = DIRECTION('',(0.,-1.,0.));
#925 = PCURVE('',#126,#926);
#926 = DEFINITIONAL_REPRESENTATION('',(#927),#931);
#927 = LINE('',#928,#929);
#928 = CARTESIAN_POINT('',(1.570796326795,-0.));
#929 = VECTOR('',#930,1.);
#930 = DIRECTION('',(-1.,0.));
#931 = ( GEOMETRIC_REPRESENTATION_CONTEXT(2) 
PARAMETRIC_REPRESENTATION_CONTEXT() REPRESENTATION_CONTEXT('2D SPACE',''
  ) );
#932 = PCURVE('',#100,#933);
#933 = DEFINITIONAL_REPRESENTATION('',(#934),#942);
#934 = ( BOUNDED_CURVE() B_SPLINE_CURVE(2,(#935,#936,#937,#938,#939,#940
,#941),.UNSPECIFIED.,.T.,.F.) B_SPLINE_CURVE_WITH_KNOTS((1,2,2,2,2,1),(
    -2.094395102393,0.,2.094395102393,4.188790204786,6.28318530718,
8.377580409573),.UNSPECIFIED.) CURVE() GEOMETRIC_REPRESENTATION_ITEM() 
RATIONAL_B_SPLINE_CURVE((1.,0.5,1.,0.5,1.,0.5,1.)) REPRESENTATION_ITEM(
  '') );
#935 = CARTESIAN_POINT('',(5.,110.));
#936 = CARTESIAN_POINT('',(-3.660254037844,110.));
#937 = CARTESIAN_POINT('',(0.669872981078,117.5));
#938 = CARTESIAN_POINT('',(5.,125.));
#939 = CARTESIAN_POINT('',(9.330127018922,117.5));
#940 = CARTESIAN_POINT('',(13.660254037844,110.));
#941 = CARTESIAN_POINT('',(5.,110.));
#942 = ( GEOMETRIC_REPRESENTATION_CONTEXT(2) 
PARAMETRIC_REPRESENTATION_CONTEXT() REPRESENTATION_CONTEXT('2D SPACE',''
  ) );
#943 = ORIENTED_EDGE('',*,*,#944,.T.);
#944 = EDGE_CURVE('',#917,#285,#945,.T.);
#945 = SURFACE_CURVE('',#946,(#950,#957),.PCURVE_S1.);
#946 = LINE('',#947,#948);
#947 = CARTESIAN_POINT('',(-50.,60.,0.));
#948 = VECTOR('',#949,1.);
#949 = DIRECTION('',(0.,0.,1.));
#950 = PCURVE('',#126,#951);
#951 = DEFINITIONAL_REPRESENTATION('',(#952),#956);
#952 = LINE('',#953,#954);
#953 = CARTESIAN_POINT('',(-1.570796326795,0.));
#954 = VECTOR('',#955,1.);
#955 = DIRECTION('',(-0.,1.));
#956 = ( GEOMETRIC_REPRESENTATION_CONTEXT(2) 
PARAMETRIC_REPRESENTATION_CONTEXT() REPRESENTATION_CONTEXT('2D SPACE',''
  ) );
#957 = PCURVE('',#300,#958);
#958 = DEFINITIONAL_REPRESENTATION('',(#959),#963);
#959 = LINE('',#960,#961);
#960 = CARTESIAN_POINT('',(0.,5.));
#961 = VECTOR('',#962,1.);
#962 = DIRECTION('',(1.,0.));
#963 = ( GEOMETRIC_REPRESENTATION_CONTEXT(2) 
PARAMETRIC_REPRESENTATION_CONTEXT() REPRESENTATION_CONTEXT('2D SPACE',''
  ) );
#964 = ORIENTED_EDGE('',*,*,#312,.F.);
#965 = ORIENTED_EDGE('',*,*,#112,.F.);
#966 = ADVANCED_FACE('',(#967,#1091,#1121,#1151,#1181,#1211,#1241,#1271,
    #1301,#1331,#1361,#1391,#1421,#1451,#1481,#1511),#100,.F.);
#967 = FACE_BOUND('',#968,.F.);
#968 = EDGE_LOOP('',(#969,#970,#971,#994,#1022,#1045,#1069,#1090));
#969 = ORIENTED_EDGE('',*,*,#84,.F.);
#970 = ORIENTED_EDGE('',*,*,#866,.T.);
#971 = ORIENTED_EDGE('',*,*,#972,.T.);
#972 = EDGE_CURVE('',#867,#973,#975,.T.);
#973 = VERTEX_POINT('',#974);
#974 = CARTESIAN_POINT('',(190.,-60.,0.));
#975 = SURFACE_CURVE('',#976,(#980,#987),.PCURVE_S1.);
#976 = LINE('',#977,#978);
#977 = CARTESIAN_POINT('',(-55.,-60.,0.));
#978 = VECTOR('',#979,1.);
#979 = DIRECTION('',(1.,0.,0.));
#980 = PCURVE('',#100,#981);
#981 = DEFINITIONAL_REPRESENTATION('',(#982),#986);
#982 = LINE('',#983,#984);
#983 = CARTESIAN_POINT('',(0.,0.));
#984 = VECTOR('',#985,1.);
#985 = DIRECTION('',(1.,0.));
#986 = ( GEOMETRIC_REPRESENTATION_CONTEXT(2) 
PARAMETRIC_REPRESENTATION_CONTEXT() REPRESENTATION_CONTEXT('2D SPACE',''
  ) );
#987 = PCURVE('',#182,#988);
#988 = DEFINITIONAL_REPRESENTATION('',(#989),#993);
#989 = LINE('',#990,#991);
#990 = CARTESIAN_POINT('',(0.,0.));
#991 = VECTOR('',#992,1.);
#992 = DIRECTION('',(0.,1.));
#993 = ( GEOMETRIC_REPRESENTATION_CONTEXT(2) 
PARAMETRIC_REPRESENTATION_CONTEXT() REPRESENTATION_CONTEXT('2D SPACE',''
  ) );
#994 = ORIENTED_EDGE('',*,*,#995,.F.);
#995 = EDGE_CURVE('',#996,#973,#998,.T.);
#996 = VERTEX_POINT('',#997);
#997 = CARTESIAN_POINT('',(195.,-55.,0.));
#998 = SURFACE_CURVE('',#999,(#1004,#1015),.PCURVE_S1.);
#999 = CIRCLE('',#1000,5.);
#1000 = AXIS2_PLACEMENT_3D('',#1001,#1002,#1003);
#1001 = CARTESIAN_POINT('',(190.,-55.,0.));
#1002 = DIRECTION('',(-0.,-0.,-1.));
#1003 = DIRECTION('',(0.,-1.,0.));
#1004 = PCURVE('',#100,#1005);
#1005 = DEFINITIONAL_REPRESENTATION('',(#1006),#1014);
#1006 = ( BOUNDED_CURVE() B_SPLINE_CURVE(2,(#1007,#1008,#1009,#1010,
#1011,#1012,#1013),.UNSPECIFIED.,.T.,.F.) B_SPLINE_CURVE_WITH_KNOTS((1,2
    ,2,2,2,1),(-2.094395102393,0.,2.094395102393,4.188790204786,
6.28318530718,8.377580409573),.UNSPECIFIED.) CURVE() 
GEOMETRIC_REPRESENTATION_ITEM() RATIONAL_B_SPLINE_CURVE((1.,0.5,1.,0.5,
1.,0.5,1.)) REPRESENTATION_ITEM('') );
#1007 = CARTESIAN_POINT('',(245.,0.));
#1008 = CARTESIAN_POINT('',(236.33974596215,0.));
#1009 = CARTESIAN_POINT('',(240.66987298107,7.5));
#1010 = CARTESIAN_POINT('',(245.,15.));
#1011 = CARTESIAN_POINT('',(249.33012701892,7.5));
#1012 = CARTESIAN_POINT('',(253.66025403784,7.993605777301E-15));
#1013 = CARTESIAN_POINT('',(245.,0.));
#1014 = ( GEOMETRIC_REPRESENTATION_CONTEXT(2) 
PARAMETRIC_REPRESENTATION_CONTEXT() REPRESENTATION_CONTEXT('2D SPACE',''
  ) );
#1015 = PCURVE('',#215,#1016);
#1016 = DEFINITIONAL_REPRESENTATION('',(#1017),#1021);
#1017 = LINE('',#1018,#1019);
#1018 = CARTESIAN_POINT('',(4.712388980385,-0.));
#1019 = VECTOR('',#1020,1.);
#1020 = DIRECTION('',(-1.,0.));
#1021 = ( GEOMETRIC_REPRESENTATION_CONTEXT(2) 
PARAMETRIC_REPRESENTATION_CONTEXT() REPRESENTATION_CONTEXT('2D SPACE',''
  ) );
#1022 = ORIENTED_EDGE('',*,*,#1023,.T.);
#1023 = EDGE_CURVE('',#996,#1024,#1026,.T.);
#1024 = VERTEX_POINT('',#1025);
#1025 = CARTESIAN_POINT('',(195.,55.,0.));
#1026 = SURFACE_CURVE('',#1027,(#1031,#1038),.PCURVE_S1.);
#1027 = LINE('',#1028,#1029);
#1028 = CARTESIAN_POINT('',(195.,-60.,0.));
#1029 = VECTOR('',#1030,1.);
#1030 = DIRECTION('',(0.,1.,0.));
#1031 = PCURVE('',#100,#1032);
#1032 = DEFINITIONAL_REPRESENTATION('',(#1033),#1037);
#1033 = LINE('',#1034,#1035);
#1034 = CARTESIAN_POINT('',(250.,0.));
#1035 = VECTOR('',#1036,1.);
#1036 = DIRECTION('',(0.,1.));
#1037 = ( GEOMETRIC_REPRESENTATION_CONTEXT(2) 
PARAMETRIC_REPRESENTATION_CONTEXT() REPRESENTATION_CONTEXT('2D SPACE',''
  ) );
#1038 = PCURVE('',#243,#1039);
#1039 = DEFINITIONAL_REPRESENTATION('',(#1040),#1044);
#1040 = LINE('',#1041,#1042);
#1041 = CARTESIAN_POINT('',(0.,0.));
#1042 = VECTOR('',#1043,1.);
#1043 = DIRECTION('',(0.,-1.));
#1044 = ( GEOMETRIC_REPRESENTATION_CONTEXT(2) 
PARAMETRIC_REPRESENTATION_CONTEXT() REPRESENTATION_CONTEXT('2D SPACE',''
  ) );
#1045 = ORIENTED_EDGE('',*,*,#1046,.T.);
#1046 = EDGE_CURVE('',#1024,#1047,#1049,.T.);
#1047 = VERTEX_POINT('',#1048);
#1048 = CARTESIAN_POINT('',(190.,60.,0.));
#1049 = SURFACE_CURVE('',#1050,(#1055,#1062),.PCURVE_S1.);
#1050 = CIRCLE('',#1051,5.);
#1051 = AXIS2_PLACEMENT_3D('',#1052,#1053,#1054);
#1052 = CARTESIAN_POINT('',(190.,55.,0.));
#1053 = DIRECTION('',(0.,0.,1.));
#1054 = DIRECTION('',(0.,-1.,0.));
#1055 = PCURVE('',#100,#1056);
#1056 = DEFINITIONAL_REPRESENTATION('',(#1057),#1061);
#1057 = CIRCLE('',#1058,5.);
#1058 = AXIS2_PLACEMENT_2D('',#1059,#1060);
#1059 = CARTESIAN_POINT('',(245.,115.));
#1060 = DIRECTION('',(0.,-1.));
#1061 = ( GEOMETRIC_REPRESENTATION_CONTEXT(2) 
PARAMETRIC_REPRESENTATION_CONTEXT() REPRESENTATION_CONTEXT('2D SPACE',''
  ) );
#1062 = PCURVE('',#272,#1063);
#1063 = DEFINITIONAL_REPRESENTATION('',(#1064),#1068);
#1064 = LINE('',#1065,#1066);
#1065 = CARTESIAN_POINT('',(-1.570796326795,0.));
#1066 = VECTOR('',#1067,1.);
#1067 = DIRECTION('',(1.,0.));
#1068 = ( GEOMETRIC_REPRESENTATION_CONTEXT(2) 
PARAMETRIC_REPRESENTATION_CONTEXT() REPRESENTATION_CONTEXT('2D SPACE',''
  ) );
#1069 = ORIENTED_EDGE('',*,*,#1070,.F.);
#1070 = EDGE_CURVE('',#917,#1047,#1071,.T.);
#1071 = SURFACE_CURVE('',#1072,(#1076,#1083),.PCURVE_S1.);
#1072 = LINE('',#1073,#1074);
#1073 = CARTESIAN_POINT('',(-55.,60.,0.));
#1074 = VECTOR('',#1075,1.);
#1075 = DIRECTION('',(1.,0.,0.));
#1076 = PCURVE('',#100,#1077);
#1077 = DEFINITIONAL_REPRESENTATION('',(#1078),#1082);
#1078 = LINE('',#1079,#1080);
#1079 = CARTESIAN_POINT('',(0.,120.));
#1080 = VECTOR('',#1081,1.);
#1081 = DIRECTION('',(1.,0.));
#1082 = ( GEOMETRIC_REPRESENTATION_CONTEXT(2) 
PARAMETRIC_REPRESENTATION_CONTEXT() REPRESENTATION_CONTEXT('2D SPACE',''
  ) );
#1083 = PCURVE('',#300,#1084);
#1084 = DEFINITIONAL_REPRESENTATION('',(#1085),#1089);
#1085 = LINE('',#1086,#1087);
#1086 = CARTESIAN_POINT('',(0.,0.));
#1087 = VECTOR('',#1088,1.);
#1088 = DIRECTION('',(0.,1.));
#1089 = ( GEOMETRIC_REPRESENTATION_CONTEXT(2) 
PARAMETRIC_REPRESENTATION_CONTEXT() REPRESENTATION_CONTEXT('2D SPACE',''
  ) );
#1090 = ORIENTED_EDGE('',*,*,#916,.F.);
#1091 = FACE_BOUND('',#1092,.F.);
#1092 = EDGE_LOOP('',(#1093));
#1093 = ORIENTED_EDGE('',*,*,#1094,.T.);
#1094 = EDGE_CURVE('',#1095,#1095,#1097,.T.);
#1095 = VERTEX_POINT('',#1096);
#1096 = CARTESIAN_POINT('',(-41.7,-50.,0.));
#1097 = SURFACE_CURVE('',#1098,(#1103,#1114),.PCURVE_S1.);
#1098 = CIRCLE('',#1099,3.3);
#1099 = AXIS2_PLACEMENT_3D('',#1100,#1101,#1102);
#1100 = CARTESIAN_POINT('',(-45.,-50.,0.));
#1101 = DIRECTION('',(0.,0.,-1.));
#1102 = DIRECTION('',(1.,0.,0.));
#1103 = PCURVE('',#100,#1104);
#1104 = DEFINITIONAL_REPRESENTATION('',(#1105),#1113);
#1105 = ( BOUNDED_CURVE() B_SPLINE_CURVE(2,(#1106,#1107,#1108,#1109,
#1110,#1111,#1112),.UNSPECIFIED.,.T.,.F.) B_SPLINE_CURVE_WITH_KNOTS((1,2
    ,2,2,2,1),(-2.094395102393,0.,2.094395102393,4.188790204786,
6.28318530718,8.377580409573),.UNSPECIFIED.) CURVE() 
GEOMETRIC_REPRESENTATION_ITEM() RATIONAL_B_SPLINE_CURVE((1.,0.5,1.,0.5,
1.,0.5,1.)) REPRESENTATION_ITEM('') );
#1106 = CARTESIAN_POINT('',(13.3,10.));
#1107 = CARTESIAN_POINT('',(13.3,4.284232335023));
#1108 = CARTESIAN_POINT('',(8.35,7.142116167511));
#1109 = CARTESIAN_POINT('',(3.4,10.));
#1110 = CARTESIAN_POINT('',(8.35,12.857883832489));
#1111 = CARTESIAN_POINT('',(13.3,15.715767664977));
#1112 = CARTESIAN_POINT('',(13.3,10.));
#1113 = ( GEOMETRIC_REPRESENTATION_CONTEXT(2) 
PARAMETRIC_REPRESENTATION_CONTEXT() REPRESENTATION_CONTEXT('2D SPACE',''
  ) );
#1114 = PCURVE('',#361,#1115);
#1115 = DEFINITIONAL_REPRESENTATION('',(#1116),#1120);
#1116 = LINE('',#1117,#1118);
#1117 = CARTESIAN_POINT('',(-6.28318530718,-1.));
#1118 = VECTOR('',#1119,1.);
#1119 = DIRECTION('',(1.,-0.));
#1120 = ( GEOMETRIC_REPRESENTATION_CONTEXT(2) 
PARAMETRIC_REPRESENTATION_CONTEXT() REPRESENTATION_CONTEXT('2D SPACE',''
  ) );
#1121 = FACE_BOUND('',#1122,.F.);
#1122 = EDGE_LOOP('',(#1123));
#1123 = ORIENTED_EDGE('',*,*,#1124,.T.);
#1124 = EDGE_CURVE('',#1125,#1125,#1127,.T.);
#1125 = VERTEX_POINT('',#1126);
#1126 = CARTESIAN_POINT('',(61.5,-22.,0.));
#1127 = SURFACE_CURVE('',#1128,(#1133,#1144),.PCURVE_S1.);
#1128 = CIRCLE('',#1129,2.5);
#1129 = AXIS2_PLACEMENT_3D('',#1130,#1131,#1132);
#1130 = CARTESIAN_POINT('',(59.,-22.,0.));
#1131 = DIRECTION('',(0.,0.,-1.));
#1132 = DIRECTION('',(1.,0.,0.));
#1133 = PCURVE('',#100,#1134);
#1134 = DEFINITIONAL_REPRESENTATION('',(#1135),#1143);
#1135 = ( BOUNDED_CURVE() B_SPLINE_CURVE(2,(#1136,#1137,#1138,#1139,
#1140,#1141,#1142),.UNSPECIFIED.,.T.,.F.) B_SPLINE_CURVE_WITH_KNOTS((1,2
    ,2,2,2,1),(-2.094395102393,0.,2.094395102393,4.188790204786,
6.28318530718,8.377580409573),.UNSPECIFIED.) CURVE() 
GEOMETRIC_REPRESENTATION_ITEM() RATIONAL_B_SPLINE_CURVE((1.,0.5,1.,0.5,
1.,0.5,1.)) REPRESENTATION_ITEM('') );
#1136 = CARTESIAN_POINT('',(116.5,38.));
#1137 = CARTESIAN_POINT('',(116.5,33.669872981078));
#1138 = CARTESIAN_POINT('',(112.75,35.834936490539));
#1139 = CARTESIAN_POINT('',(109.,38.));
#1140 = CARTESIAN_POINT('',(112.75,40.165063509461));
#1141 = CARTESIAN_POINT('',(116.5,42.330127018922));
#1142 = CARTESIAN_POINT('',(116.5,38.));
#1143 = ( GEOMETRIC_REPRESENTATION_CONTEXT(2) 
PARAMETRIC_REPRESENTATION_CONTEXT() REPRESENTATION_CONTEXT('2D SPACE',''
  ) );
#1144 = PCURVE('',#396,#1145);
#1145 = DEFINITIONAL_REPRESENTATION('',(#1146),#1150);
#1146 = LINE('',#1147,#1148);
#1147 = CARTESIAN_POINT('',(-6.28318530718,-1.));
#1148 = VECTOR('',#1149,1.);
#1149 = DIRECTION('',(1.,-0.));
#1150 = ( GEOMETRIC_REPRESENTATION_CONTEXT(2) 
PARAMETRIC_REPRESENTATION_CONTEXT() REPRESENTATION_CONTEXT('2D SPACE',''
  ) );
#1151 = FACE_BOUND('',#1152,.F.);
#1152 = EDGE_LOOP('',(#1153));
#1153 = ORIENTED_EDGE('',*,*,#1154,.T.);
#1154 = EDGE_CURVE('',#1155,#1155,#1157,.T.);
#1155 = VERTEX_POINT('',#1156);
#1156 = CARTESIAN_POINT('',(188.3,-50.,0.));
#1157 = SURFACE_CURVE('',#1158,(#1163,#1174),.PCURVE_S1.);
#1158 = CIRCLE('',#1159,3.3);
#1159 = AXIS2_PLACEMENT_3D('',#1160,#1161,#1162);
#1160 = CARTESIAN_POINT('',(185.,-50.,0.));
#1161 = DIRECTION('',(0.,0.,-1.));
#1162 = DIRECTION('',(1.,0.,0.));
#1163 = PCURVE('',#100,#1164);
#1164 = DEFINITIONAL_REPRESENTATION('',(#1165),#1173);
#1165 = ( BOUNDED_CURVE() B_SPLINE_CURVE(2,(#1166,#1167,#1168,#1169,
#1170,#1171,#1172),.UNSPECIFIED.,.T.,.F.) B_SPLINE_CURVE_WITH_KNOTS((1,2
    ,2,2,2,1),(-2.094395102393,0.,2.094395102393,4.188790204786,
6.28318530718,8.377580409573),.UNSPECIFIED.) CURVE() 
GEOMETRIC_REPRESENTATION_ITEM() RATIONAL_B_SPLINE_CURVE((1.,0.5,1.,0.5,
1.,0.5,1.)) REPRESENTATION_ITEM('') );
#1166 = CARTESIAN_POINT('',(243.3,10.));
#1167 = CARTESIAN_POINT('',(243.3,4.284232335023));
#1168 = CARTESIAN_POINT('',(238.35,7.142116167511));
#1169 = CARTESIAN_POINT('',(233.4,10.));
#1170 = CARTESIAN_POINT('',(238.35,12.857883832489));
#1171 = CARTESIAN_POINT('',(243.3,15.715767664977));
#1172 = CARTESIAN_POINT('',(243.3,10.));
#1173 = ( GEOMETRIC_REPRESENTATION_CONTEXT(2) 
PARAMETRIC_REPRESENTATION_CONTEXT() REPRESENTATION_CONTEXT('2D SPACE',''
  ) );
#1174 = PCURVE('',#431,#1175);
#1175 = DEFINITIONAL_REPRESENTATION('',(#1176),#1180);
#1176 = LINE('',#1177,#1178);
#1177 = CARTESIAN_POINT('',(-6.28318530718,-1.));
#1178 = VECTOR('',#1179,1.);
#1179 = DIRECTION('',(1.,-0.));
#1180 = ( GEOMETRIC_REPRESENTATION_CONTEXT(2) 
PARAMETRIC_REPRESENTATION_CONTEXT() REPRESENTATION_CONTEXT('2D SPACE',''
  ) );
#1181 = FACE_BOUND('',#1182,.F.);
#1182 = EDGE_LOOP('',(#1183));
#1183 = ORIENTED_EDGE('',*,*,#1184,.T.);
#1184 = EDGE_CURVE('',#1185,#1185,#1187,.T.);
#1185 = VERTEX_POINT('',#1186);
#1186 = CARTESIAN_POINT('',(82.5,-22.1,0.));
#1187 = SURFACE_CURVE('',#1188,(#1193,#1204),.PCURVE_S1.);
#1188 = CIRCLE('',#1189,2.5);
#1189 = AXIS2_PLACEMENT_3D('',#1190,#1191,#1192);
#1190 = CARTESIAN_POINT('',(80.,-22.1,0.));
#1191 = DIRECTION('',(0.,0.,-1.));
#1192 = DIRECTION('',(1.,0.,0.));
#1193 = PCURVE('',#100,#1194);
#1194 = DEFINITIONAL_REPRESENTATION('',(#1195),#1203);
#1195 = ( BOUNDED_CURVE() B_SPLINE_CURVE(2,(#1196,#1197,#1198,#1199,
#1200,#1201,#1202),.UNSPECIFIED.,.T.,.F.) B_SPLINE_CURVE_WITH_KNOTS((1,2
    ,2,2,2,1),(-2.094395102393,0.,2.094395102393,4.188790204786,
6.28318530718,8.377580409573),.UNSPECIFIED.) CURVE() 
GEOMETRIC_REPRESENTATION_ITEM() RATIONAL_B_SPLINE_CURVE((1.,0.5,1.,0.5,
1.,0.5,1.)) REPRESENTATION_ITEM('') );
#1196 = CARTESIAN_POINT('',(137.5,37.9));
#1197 = CARTESIAN_POINT('',(137.5,33.569872981078));
#1198 = CARTESIAN_POINT('',(133.75,35.734936490539));
#1199 = CARTESIAN_POINT('',(130.,37.9));
#1200 = CARTESIAN_POINT('',(133.75,40.065063509461));
#1201 = CARTESIAN_POINT('',(137.5,42.230127018922));
#1202 = CARTESIAN_POINT('',(137.5,37.9));
#1203 = ( GEOMETRIC_REPRESENTATION_CONTEXT(2) 
PARAMETRIC_REPRESENTATION_CONTEXT() REPRESENTATION_CONTEXT('2D SPACE',''
  ) );
#1204 = PCURVE('',#466,#1205);
#1205 = DEFINITIONAL_REPRESENTATION('',(#1206),#1210);
#1206 = LINE('',#1207,#1208);
#1207 = CARTESIAN_POINT('',(-6.28318530718,-1.));
#1208 = VECTOR('',#1209,1.);
#1209 = DIRECTION('',(1.,-0.));
#1210 = ( GEOMETRIC_REPRESENTATION_CONTEXT(2) 
PARAMETRIC_REPRESENTATION_CONTEXT() REPRESENTATION_CONTEXT('2D SPACE',''
  ) );
#1211 = FACE_BOUND('',#1212,.F.);
#1212 = EDGE_LOOP('',(#1213));
#1213 = ORIENTED_EDGE('',*,*,#1214,.T.);
#1214 = EDGE_CURVE('',#1215,#1215,#1217,.T.);
#1215 = VERTEX_POINT('',#1216);
#1216 = CARTESIAN_POINT('',(122.5,-22.1,0.));
#1217 = SURFACE_CURVE('',#1218,(#1223,#1234),.PCURVE_S1.);
#1218 = CIRCLE('',#1219,2.5);
#1219 = AXIS2_PLACEMENT_3D('',#1220,#1221,#1222);
#1220 = CARTESIAN_POINT('',(120.,-22.1,0.));
#1221 = DIRECTION('',(0.,0.,-1.));
#1222 = DIRECTION('',(1.,0.,0.));
#1223 = PCURVE('',#100,#1224);
#1224 = DEFINITIONAL_REPRESENTATION('',(#1225),#1233);
#1225 = ( BOUNDED_CURVE() B_SPLINE_CURVE(2,(#1226,#1227,#1228,#1229,
#1230,#1231,#1232),.UNSPECIFIED.,.T.,.F.) B_SPLINE_CURVE_WITH_KNOTS((1,2
    ,2,2,2,1),(-2.094395102393,0.,2.094395102393,4.188790204786,
6.28318530718,8.377580409573),.UNSPECIFIED.) CURVE() 
GEOMETRIC_REPRESENTATION_ITEM() RATIONAL_B_SPLINE_CURVE((1.,0.5,1.,0.5,
1.,0.5,1.)) REPRESENTATION_ITEM('') );
#1226 = CARTESIAN_POINT('',(177.5,37.9));
#1227 = CARTESIAN_POINT('',(177.5,33.569872981078));
#1228 = CARTESIAN_POINT('',(173.75,35.734936490539));
#1229 = CARTESIAN_POINT('',(170.,37.9));
#1230 = CARTESIAN_POINT('',(173.75,40.065063509461));
#1231 = CARTESIAN_POINT('',(177.5,42.230127018922));
#1232 = CARTESIAN_POINT('',(177.5,37.9));
#1233 = ( GEOMETRIC_REPRESENTATION_CONTEXT(2) 
PARAMETRIC_REPRESENTATION_CONTEXT() REPRESENTATION_CONTEXT('2D SPACE',''
  ) );
#1234 = PCURVE('',#501,#1235);
#1235 = DEFINITIONAL_REPRESENTATION('',(#1236),#1240);
#1236 = LINE('',#1237,#1238);
#1237 = CARTESIAN_POINT('',(-6.28318530718,-1.));
#1238 = VECTOR('',#1239,1.);
#1239 = DIRECTION('',(1.,-0.));
#1240 = ( GEOMETRIC_REPRESENTATION_CONTEXT(2) 
PARAMETRIC_REPRESENTATION_CONTEXT() REPRESENTATION_CONTEXT('2D SPACE',''
  ) );
#1241 = FACE_BOUND('',#1242,.F.);
#1242 = EDGE_LOOP('',(#1243));
#1243 = ORIENTED_EDGE('',*,*,#1244,.T.);
#1244 = EDGE_CURVE('',#1245,#1245,#1247,.T.);
#1245 = VERTEX_POINT('',#1246);
#1246 = CARTESIAN_POINT('',(162.5,-22.1,0.));
#1247 = SURFACE_CURVE('',#1248,(#1253,#1264),.PCURVE_S1.);
#1248 = CIRCLE('',#1249,2.5);
#1249 = AXIS2_PLACEMENT_3D('',#1250,#1251,#1252);
#1250 = CARTESIAN_POINT('',(160.,-22.1,0.));
#1251 = DIRECTION('',(0.,0.,-1.));
#1252 = DIRECTION('',(1.,0.,0.));
#1253 = PCURVE('',#100,#1254);
#1254 = DEFINITIONAL_REPRESENTATION('',(#1255),#1263);
#1255 = ( BOUNDED_CURVE() B_SPLINE_CURVE(2,(#1256,#1257,#1258,#1259,
#1260,#1261,#1262),.UNSPECIFIED.,.T.,.F.) B_SPLINE_CURVE_WITH_KNOTS((1,2
    ,2,2,2,1),(-2.094395102393,0.,2.094395102393,4.188790204786,
6.28318530718,8.377580409573),.UNSPECIFIED.) CURVE() 
GEOMETRIC_REPRESENTATION_ITEM() RATIONAL_B_SPLINE_CURVE((1.,0.5,1.,0.5,
1.,0.5,1.)) REPRESENTATION_ITEM('') );
#1256 = CARTESIAN_POINT('',(217.5,37.9));
#1257 = CARTESIAN_POINT('',(217.5,33.569872981078));
#1258 = CARTESIAN_POINT('',(213.75,35.734936490539));
#1259 = CARTESIAN_POINT('',(210.,37.9));
#1260 = CARTESIAN_POINT('',(213.75,40.065063509461));
#1261 = CARTESIAN_POINT('',(217.5,42.230127018922));
#1262 = CARTESIAN_POINT('',(217.5,37.9));
#1263 = ( GEOMETRIC_REPRESENTATION_CONTEXT(2) 
PARAMETRIC_REPRESENTATION_CONTEXT() REPRESENTATION_CONTEXT('2D SPACE',''
  ) );
#1264 = PCURVE('',#536,#1265);
#1265 = DEFINITIONAL_REPRESENTATION('',(#1266),#1270);
#1266 = LINE('',#1267,#1268);
#1267 = CARTESIAN_POINT('',(-6.28318530718,-1.));
#1268 = VECTOR('',#1269,1.);
#1269 = DIRECTION('',(1.,-0.));
#1270 = ( GEOMETRIC_REPRESENTATION_CONTEXT(2) 
PARAMETRIC_REPRESENTATION_CONTEXT() REPRESENTATION_CONTEXT('2D SPACE',''
  ) );
#1271 = FACE_BOUND('',#1272,.F.);
#1272 = EDGE_LOOP('',(#1273));
#1273 = ORIENTED_EDGE('',*,*,#1274,.T.);
#1274 = EDGE_CURVE('',#1275,#1275,#1277,.T.);
#1275 = VERTEX_POINT('',#1276);
#1276 = CARTESIAN_POINT('',(183.5,-22.,0.));
#1277 = SURFACE_CURVE('',#1278,(#1283,#1294),.PCURVE_S1.);
#1278 = CIRCLE('',#1279,2.5);
#1279 = AXIS2_PLACEMENT_3D('',#1280,#1281,#1282);
#1280 = CARTESIAN_POINT('',(181.,-22.,0.));
#1281 = DIRECTION('',(0.,0.,-1.));
#1282 = DIRECTION('',(1.,0.,0.));
#1283 = PCURVE('',#100,#1284);
#1284 = DEFINITIONAL_REPRESENTATION('',(#1285),#1293);
#1285 = ( BOUNDED_CURVE() B_SPLINE_CURVE(2,(#1286,#1287,#1288,#1289,
#1290,#1291,#1292),.UNSPECIFIED.,.T.,.F.) B_SPLINE_CURVE_WITH_KNOTS((1,2
    ,2,2,2,1),(-2.094395102393,0.,2.094395102393,4.188790204786,
6.28318530718,8.377580409573),.UNSPECIFIED.) CURVE() 
GEOMETRIC_REPRESENTATION_ITEM() RATIONAL_B_SPLINE_CURVE((1.,0.5,1.,0.5,
1.,0.5,1.)) REPRESENTATION_ITEM('') );
#1286 = CARTESIAN_POINT('',(238.5,38.));
#1287 = CARTESIAN_POINT('',(238.5,33.669872981078));
#1288 = CARTESIAN_POINT('',(234.75,35.834936490539));
#1289 = CARTESIAN_POINT('',(231.,38.));
#1290 = CARTESIAN_POINT('',(234.75,40.165063509461));
#1291 = CARTESIAN_POINT('',(238.5,42.330127018922));
#1292 = CARTESIAN_POINT('',(238.5,38.));
#1293 = ( GEOMETRIC_REPRESENTATION_CONTEXT(2) 
PARAMETRIC_REPRESENTATION_CONTEXT() REPRESENTATION_CONTEXT('2D SPACE',''
  ) );
#1294 = PCURVE('',#571,#1295);
#1295 = DEFINITIONAL_REPRESENTATION('',(#1296),#1300);
#1296 = LINE('',#1297,#1298);
#1297 = CARTESIAN_POINT('',(-6.28318530718,-1.));
#1298 = VECTOR('',#1299,1.);
#1299 = DIRECTION('',(1.,-0.));
#1300 = ( GEOMETRIC_REPRESENTATION_CONTEXT(2) 
PARAMETRIC_REPRESENTATION_CONTEXT() REPRESENTATION_CONTEXT('2D SPACE',''
  ) );
#1301 = FACE_BOUND('',#1302,.F.);
#1302 = EDGE_LOOP('',(#1303));
#1303 = ORIENTED_EDGE('',*,*,#1304,.T.);
#1304 = EDGE_CURVE('',#1305,#1305,#1307,.T.);
#1305 = VERTEX_POINT('',#1306);
#1306 = CARTESIAN_POINT('',(3.,0.,0.));
#1307 = SURFACE_CURVE('',#1308,(#1313,#1324),.PCURVE_S1.);
#1308 = CIRCLE('',#1309,3.);
#1309 = AXIS2_PLACEMENT_3D('',#1310,#1311,#1312);
#1310 = CARTESIAN_POINT('',(0.,0.,0.));
#1311 = DIRECTION('',(0.,0.,-1.));
#1312 = DIRECTION('',(1.,0.,0.));
#1313 = PCURVE('',#100,#1314);
#1314 = DEFINITIONAL_REPRESENTATION('',(#1315),#1323);
#1315 = ( BOUNDED_CURVE() B_SPLINE_CURVE(2,(#1316,#1317,#1318,#1319,
#1320,#1321,#1322),.UNSPECIFIED.,.T.,.F.) B_SPLINE_CURVE_WITH_KNOTS((1,2
    ,2,2,2,1),(-2.094395102393,0.,2.094395102393,4.188790204786,
6.28318530718,8.377580409573),.UNSPECIFIED.) CURVE() 
GEOMETRIC_REPRESENTATION_ITEM() RATIONAL_B_SPLINE_CURVE((1.,0.5,1.,0.5,
1.,0.5,1.)) REPRESENTATION_ITEM('') );
#1316 = CARTESIAN_POINT('',(58.,60.));
#1317 = CARTESIAN_POINT('',(58.,54.803847577293));
#1318 = CARTESIAN_POINT('',(53.5,57.401923788647));
#1319 = CARTESIAN_POINT('',(49.,60.));
#1320 = CARTESIAN_POINT('',(53.5,62.598076211353));
#1321 = CARTESIAN_POINT('',(58.,65.196152422707));
#1322 = CARTESIAN_POINT('',(58.,60.));
#1323 = ( GEOMETRIC_REPRESENTATION_CONTEXT(2) 
PARAMETRIC_REPRESENTATION_CONTEXT() REPRESENTATION_CONTEXT('2D SPACE',''
  ) );
#1324 = PCURVE('',#606,#1325);
#1325 = DEFINITIONAL_REPRESENTATION('',(#1326),#1330);
#1326 = LINE('',#1327,#1328);
#1327 = CARTESIAN_POINT('',(-6.28318530718,-1.));
#1328 = VECTOR('',#1329,1.);
#1329 = DIRECTION('',(1.,-0.));
#1330 = ( GEOMETRIC_REPRESENTATION_CONTEXT(2) 
PARAMETRIC_REPRESENTATION_CONTEXT() REPRESENTATION_CONTEXT('2D SPACE',''
  ) );
#1331 = FACE_BOUND('',#1332,.F.);
#1332 = EDGE_LOOP('',(#1333));
#1333 = ORIENTED_EDGE('',*,*,#1334,.T.);
#1334 = EDGE_CURVE('',#1335,#1335,#1337,.T.);
#1335 = VERTEX_POINT('',#1336);
#1336 = CARTESIAN_POINT('',(61.5,22.,0.));
#1337 = SURFACE_CURVE('',#1338,(#1343,#1354),.PCURVE_S1.);
#1338 = CIRCLE('',#1339,2.5);
#1339 = AXIS2_PLACEMENT_3D('',#1340,#1341,#1342);
#1340 = CARTESIAN_POINT('',(59.,22.,0.));
#1341 = DIRECTION('',(0.,0.,-1.));
#1342 = DIRECTION('',(1.,0.,0.));
#1343 = PCURVE('',#100,#1344);
#1344 = DEFINITIONAL_REPRESENTATION('',(#1345),#1353);
#1345 = ( BOUNDED_CURVE() B_SPLINE_CURVE(2,(#1346,#1347,#1348,#1349,
#1350,#1351,#1352),.UNSPECIFIED.,.T.,.F.) B_SPLINE_CURVE_WITH_KNOTS((1,2
    ,2,2,2,1),(-2.094395102393,0.,2.094395102393,4.188790204786,
6.28318530718,8.377580409573),.UNSPECIFIED.) CURVE() 
GEOMETRIC_REPRESENTATION_ITEM() RATIONAL_B_SPLINE_CURVE((1.,0.5,1.,0.5,
1.,0.5,1.)) REPRESENTATION_ITEM('') );
#1346 = CARTESIAN_POINT('',(116.5,82.));
#1347 = CARTESIAN_POINT('',(116.5,77.669872981078));
#1348 = CARTESIAN_POINT('',(112.75,79.834936490539));
#1349 = CARTESIAN_POINT('',(109.,82.));
#1350 = CARTESIAN_POINT('',(112.75,84.165063509461));
#1351 = CARTESIAN_POINT('',(116.5,86.330127018922));
#1352 = CARTESIAN_POINT('',(116.5,82.));
#1353 = ( GEOMETRIC_REPRESENTATION_CONTEXT(2) 
PARAMETRIC_REPRESENTATION_CONTEXT() REPRESENTATION_CONTEXT('2D SPACE',''
  ) );
#1354 = PCURVE('',#641,#1355);
#1355 = DEFINITIONAL_REPRESENTATION('',(#1356),#1360);
#1356 = LINE('',#1357,#1358);
#1357 = CARTESIAN_POINT('',(-6.28318530718,-1.));
#1358 = VECTOR('',#1359,1.);
#1359 = DIRECTION('',(1.,-0.));
#1360 = ( GEOMETRIC_REPRESENTATION_CONTEXT(2) 
PARAMETRIC_REPRESENTATION_CONTEXT() REPRESENTATION_CONTEXT('2D SPACE',''
  ) );
#1361 = FACE_BOUND('',#1362,.F.);
#1362 = EDGE_LOOP('',(#1363));
#1363 = ORIENTED_EDGE('',*,*,#1364,.T.);
#1364 = EDGE_CURVE('',#1365,#1365,#1367,.T.);
#1365 = VERTEX_POINT('',#1366);
#1366 = CARTESIAN_POINT('',(-41.7,50.,0.));
#1367 = SURFACE_CURVE('',#1368,(#1373,#1384),.PCURVE_S1.);
#1368 = CIRCLE('',#1369,3.3);
#1369 = AXIS2_PLACEMENT_3D('',#1370,#1371,#1372);
#1370 = CARTESIAN_POINT('',(-45.,50.,0.));
#1371 = DIRECTION('',(0.,0.,-1.));
#1372 = DIRECTION('',(1.,0.,0.));
#1373 = PCURVE('',#100,#1374);
#1374 = DEFINITIONAL_REPRESENTATION('',(#1375),#1383);
#1375 = ( BOUNDED_CURVE() B_SPLINE_CURVE(2,(#1376,#1377,#1378,#1379,
#1380,#1381,#1382),.UNSPECIFIED.,.T.,.F.) B_SPLINE_CURVE_WITH_KNOTS((1,2
    ,2,2,2,1),(-2.094395102393,0.,2.094395102393,4.188790204786,
6.28318530718,8.377580409573),.UNSPECIFIED.) CURVE() 
GEOMETRIC_REPRESENTATION_ITEM() RATIONAL_B_SPLINE_CURVE((1.,0.5,1.,0.5,
1.,0.5,1.)) REPRESENTATION_ITEM('') );
#1376 = CARTESIAN_POINT('',(13.3,110.));
#1377 = CARTESIAN_POINT('',(13.3,104.28423233502));
#1378 = CARTESIAN_POINT('',(8.35,107.14211616751));
#1379 = CARTESIAN_POINT('',(3.4,110.));
#1380 = CARTESIAN_POINT('',(8.35,112.85788383248));
#1381 = CARTESIAN_POINT('',(13.3,115.71576766497));
#1382 = CARTESIAN_POINT('',(13.3,110.));
#1383 = ( GEOMETRIC_REPRESENTATION_CONTEXT(2) 
PARAMETRIC_REPRESENTATION_CONTEXT() REPRESENTATION_CONTEXT('2D SPACE',''
  ) );
#1384 = PCURVE('',#676,#1385);
#1385 = DEFINITIONAL_REPRESENTATION('',(#1386),#1390);
#1386 = LINE('',#1387,#1388);
#1387 = CARTESIAN_POINT('',(-6.28318530718,-1.));
#1388 = VECTOR('',#1389,1.);
#1389 = DIRECTION('',(1.,-0.));
#1390 = ( GEOMETRIC_REPRESENTATION_CONTEXT(2) 
PARAMETRIC_REPRESENTATION_CONTEXT() REPRESENTATION_CONTEXT('2D SPACE',''
  ) );
#1391 = FACE_BOUND('',#1392,.F.);
#1392 = EDGE_LOOP('',(#1393));
#1393 = ORIENTED_EDGE('',*,*,#1394,.T.);
#1394 = EDGE_CURVE('',#1395,#1395,#1397,.T.);
#1395 = VERTEX_POINT('',#1396);
#1396 = CARTESIAN_POINT('',(82.5,22.1,0.));
#1397 = SURFACE_CURVE('',#1398,(#1403,#1414),.PCURVE_S1.);
#1398 = CIRCLE('',#1399,2.5);
#1399 = AXIS2_PLACEMENT_3D('',#1400,#1401,#1402);
#1400 = CARTESIAN_POINT('',(80.,22.1,0.));
#1401 = DIRECTION('',(0.,0.,-1.));
#1402 = DIRECTION('',(1.,0.,0.));
#1403 = PCURVE('',#100,#1404);
#1404 = DEFINITIONAL_REPRESENTATION('',(#1405),#1413);
#1405 = ( BOUNDED_CURVE() B_SPLINE_CURVE(2,(#1406,#1407,#1408,#1409,
#1410,#1411,#1412),.UNSPECIFIED.,.T.,.F.) B_SPLINE_CURVE_WITH_KNOTS((1,2
    ,2,2,2,1),(-2.094395102393,0.,2.094395102393,4.188790204786,
6.28318530718,8.377580409573),.UNSPECIFIED.) CURVE() 
GEOMETRIC_REPRESENTATION_ITEM() RATIONAL_B_SPLINE_CURVE((1.,0.5,1.,0.5,
1.,0.5,1.)) REPRESENTATION_ITEM('') );
#1406 = CARTESIAN_POINT('',(137.5,82.1));
#1407 = CARTESIAN_POINT('',(137.5,77.769872981078));
#1408 = CARTESIAN_POINT('',(133.75,79.934936490539));
#1409 = CARTESIAN_POINT('',(130.,82.1));
#1410 = CARTESIAN_POINT('',(133.75,84.265063509461));
#1411 = CARTESIAN_POINT('',(137.5,86.430127018922));
#1412 = CARTESIAN_POINT('',(137.5,82.1));
#1413 = ( GEOMETRIC_REPRESENTATION_CONTEXT(2) 
PARAMETRIC_REPRESENTATION_CONTEXT() REPRESENTATION_CONTEXT('2D SPACE',''
  ) );
#1414 = PCURVE('',#711,#1415);
#1415 = DEFINITIONAL_REPRESENTATION('',(#1416),#1420);
#1416 = LINE('',#1417,#1418);
#1417 = CARTESIAN_POINT('',(-6.28318530718,-1.));
#1418 = VECTOR('',#1419,1.);
#1419 = DIRECTION('',(1.,-0.));
#1420 = ( GEOMETRIC_REPRESENTATION_CONTEXT(2) 
PARAMETRIC_REPRESENTATION_CONTEXT() REPRESENTATION_CONTEXT('2D SPACE',''
  ) );
#1421 = FACE_BOUND('',#1422,.F.);
#1422 = EDGE_LOOP('',(#1423));
#1423 = ORIENTED_EDGE('',*,*,#1424,.T.);
#1424 = EDGE_CURVE('',#1425,#1425,#1427,.T.);
#1425 = VERTEX_POINT('',#1426);
#1426 = CARTESIAN_POINT('',(122.5,22.1,0.));
#1427 = SURFACE_CURVE('',#1428,(#1433,#1444),.PCURVE_S1.);
#1428 = CIRCLE('',#1429,2.5);
#1429 = AXIS2_PLACEMENT_3D('',#1430,#1431,#1432);
#1430 = CARTESIAN_POINT('',(120.,22.1,0.));
#1431 = DIRECTION('',(0.,0.,-1.));
#1432 = DIRECTION('',(1.,0.,0.));
#1433 = PCURVE('',#100,#1434);
#1434 = DEFINITIONAL_REPRESENTATION('',(#1435),#1443);
#1435 = ( BOUNDED_CURVE() B_SPLINE_CURVE(2,(#1436,#1437,#1438,#1439,
#1440,#1441,#1442),.UNSPECIFIED.,.T.,.F.) B_SPLINE_CURVE_WITH_KNOTS((1,2
    ,2,2,2,1),(-2.094395102393,0.,2.094395102393,4.188790204786,
6.28318530718,8.377580409573),.UNSPECIFIED.) CURVE() 
GEOMETRIC_REPRESENTATION_ITEM() RATIONAL_B_SPLINE_CURVE((1.,0.5,1.,0.5,
1.,0.5,1.)) REPRESENTATION_ITEM('') );
#1436 = CARTESIAN_POINT('',(177.5,82.1));
#1437 = CARTESIAN_POINT('',(177.5,77.769872981078));
#1438 = CARTESIAN_POINT('',(173.75,79.934936490539));
#1439 = CARTESIAN_POINT('',(170.,82.1));
#1440 = CARTESIAN_POINT('',(173.75,84.265063509461));
#1441 = CARTESIAN_POINT('',(177.5,86.430127018922));
#1442 = CARTESIAN_POINT('',(177.5,82.1));
#1443 = ( GEOMETRIC_REPRESENTATION_CONTEXT(2) 
PARAMETRIC_REPRESENTATION_CONTEXT() REPRESENTATION_CONTEXT('2D SPACE',''
  ) );
#1444 = PCURVE('',#746,#1445);
#1445 = DEFINITIONAL_REPRESENTATION('',(#1446),#1450);
#1446 = LINE('',#1447,#1448);
#1447 = CARTESIAN_POINT('',(-6.28318530718,-1.));
#1448 = VECTOR('',#1449,1.);
#1449 = DIRECTION('',(1.,-0.));
#1450 = ( GEOMETRIC_REPRESENTATION_CONTEXT(2) 
PARAMETRIC_REPRESENTATION_CONTEXT() REPRESENTATION_CONTEXT('2D SPACE',''
  ) );
#1451 = FACE_BOUND('',#1452,.F.);
#1452 = EDGE_LOOP('',(#1453));
#1453 = ORIENTED_EDGE('',*,*,#1454,.T.);
#1454 = EDGE_CURVE('',#1455,#1455,#1457,.T.);
#1455 = VERTEX_POINT('',#1456);
#1456 = CARTESIAN_POINT('',(162.5,22.1,0.));
#1457 = SURFACE_CURVE('',#1458,(#1463,#1474),.PCURVE_S1.);
#1458 = CIRCLE('',#1459,2.5);
#1459 = AXIS2_PLACEMENT_3D('',#1460,#1461,#1462);
#1460 = CARTESIAN_POINT('',(160.,22.1,0.));
#1461 = DIRECTION('',(0.,0.,-1.));
#1462 = DIRECTION('',(1.,0.,0.));
#1463 = PCURVE('',#100,#1464);
#1464 = DEFINITIONAL_REPRESENTATION('',(#1465),#1473);
#1465 = ( BOUNDED_CURVE() B_SPLINE_CURVE(2,(#1466,#1467,#1468,#1469,
#1470,#1471,#1472),.UNSPECIFIED.,.T.,.F.) B_SPLINE_CURVE_WITH_KNOTS((1,2
    ,2,2,2,1),(-2.094395102393,0.,2.094395102393,4.188790204786,
6.28318530718,8.377580409573),.UNSPECIFIED.) CURVE() 
GEOMETRIC_REPRESENTATION_ITEM() RATIONAL_B_SPLINE_CURVE((1.,0.5,1.,0.5,
1.,0.5,1.)) REPRESENTATION_ITEM('') );
#1466 = CARTESIAN_POINT('',(217.5,82.1));
#1467 = CARTESIAN_POINT('',(217.5,77.769872981078));
#1468 = CARTESIAN_POINT('',(213.75,79.934936490539));
#1469 = CARTESIAN_POINT('',(210.,82.1));
#1470 = CARTESIAN_POINT('',(213.75,84.265063509461));
#1471 = CARTESIAN_POINT('',(217.5,86.430127018922));
#1472 = CARTESIAN_POINT('',(217.5,82.1));
#1473 = ( GEOMETRIC_REPRESENTATION_CONTEXT(2) 
PARAMETRIC_REPRESENTATION_CONTEXT() REPRESENTATION_CONTEXT('2D SPACE',''
  ) );
#1474 = PCURVE('',#781,#1475);
#1475 = DEFINITIONAL_REPRESENTATION('',(#1476),#1480);
#1476 = LINE('',#1477,#1478);
#1477 = CARTESIAN_POINT('',(-6.28318530718,-1.));
#1478 = VECTOR('',#1479,1.);
#1479 = DIRECTION('',(1.,-0.));
#1480 = ( GEOMETRIC_REPRESENTATION_CONTEXT(2) 
PARAMETRIC_REPRESENTATION_CONTEXT() REPRESENTATION_CONTEXT('2D SPACE',''
  ) );
#1481 = FACE_BOUND('',#1482,.F.);
#1482 = EDGE_LOOP('',(#1483));
#1483 = ORIENTED_EDGE('',*,*,#1484,.T.);
#1484 = EDGE_CURVE('',#1485,#1485,#1487,.T.);
#1485 = VERTEX_POINT('',#1486);
#1486 = CARTESIAN_POINT('',(183.5,22.,0.));
#1487 = SURFACE_CURVE('',#1488,(#1493,#1504),.PCURVE_S1.);
#1488 = CIRCLE('',#1489,2.5);
#1489 = AXIS2_PLACEMENT_3D('',#1490,#1491,#1492);
#1490 = CARTESIAN_POINT('',(181.,22.,0.));
#1491 = DIRECTION('',(0.,0.,-1.));
#1492 = DIRECTION('',(1.,0.,0.));
#1493 = PCURVE('',#100,#1494);
#1494 = DEFINITIONAL_REPRESENTATION('',(#1495),#1503);
#1495 = ( BOUNDED_CURVE() B_SPLINE_CURVE(2,(#1496,#1497,#1498,#1499,
#1500,#1501,#1502),.UNSPECIFIED.,.T.,.F.) B_SPLINE_CURVE_WITH_KNOTS((1,2
    ,2,2,2,1),(-2.094395102393,0.,2.094395102393,4.188790204786,
6.28318530718,8.377580409573),.UNSPECIFIED.) CURVE() 
GEOMETRIC_REPRESENTATION_ITEM() RATIONAL_B_SPLINE_CURVE((1.,0.5,1.,0.5,
1.,0.5,1.)) REPRESENTATION_ITEM('') );
#1496 = CARTESIAN_POINT('',(238.5,82.));
#1497 = CARTESIAN_POINT('',(238.5,77.669872981078));
#1498 = CARTESIAN_POINT('',(234.75,79.834936490539));
#1499 = CARTESIAN_POINT('',(231.,82.));
#1500 = CARTESIAN_POINT('',(234.75,84.165063509461));
#1501 = CARTESIAN_POINT('',(238.5,86.330127018922));
#1502 = CARTESIAN_POINT('',(238.5,82.));
#1503 = ( GEOMETRIC_REPRESENTATION_CONTEXT(2) 
PARAMETRIC_REPRESENTATION_CONTEXT() REPRESENTATION_CONTEXT('2D SPACE',''
  ) );
#1504 = PCURVE('',#816,#1505);
#1505 = DEFINITIONAL_REPRESENTATION('',(#1506),#1510);
#1506 = LINE('',#1507,#1508);
#1507 = CARTESIAN_POINT('',(-6.28318530718,-1.));
#1508 = VECTOR('',#1509,1.);
#1509 = DIRECTION('',(1.,-0.));
#1510 = ( GEOMETRIC_REPRESENTATION_CONTEXT(2) 
PARAMETRIC_REPRESENTATION_CONTEXT() REPRESENTATION_CONTEXT('2D SPACE',''
  ) );
#1511 = FACE_BOUND('',#1512,.F.);
#1512 = EDGE_LOOP('',(#1513));
#1513 = ORIENTED_EDGE('',*,*,#1514,.T.);
#1514 = EDGE_CURVE('',#1515,#1515,#1517,.T.);
#1515 = VERTEX_POINT('',#1516);
#1516 = CARTESIAN_POINT('',(188.3,50.,0.));
#1517 = SURFACE_CURVE('',#1518,(#1523,#1534),.PCURVE_S1.);
#1518 = CIRCLE('',#1519,3.3);
#1519 = AXIS2_PLACEMENT_3D('',#1520,#1521,#1522);
#1520 = CARTESIAN_POINT('',(185.,50.,0.));
#1521 = DIRECTION('',(0.,0.,-1.));
#1522 = DIRECTION('',(1.,0.,0.));
#1523 = PCURVE('',#100,#1524);
#1524 = DEFINITIONAL_REPRESENTATION('',(#1525),#1533);
#1525 = ( BOUNDED_CURVE() B_SPLINE_CURVE(2,(#1526,#1527,#1528,#1529,
#1530,#1531,#1532),.UNSPECIFIED.,.T.,.F.) B_SPLINE_CURVE_WITH_KNOTS((1,2
    ,2,2,2,1),(-2.094395102393,0.,2.094395102393,4.188790204786,
6.28318530718,8.377580409573),.UNSPECIFIED.) CURVE() 
GEOMETRIC_REPRESENTATION_ITEM() RATIONAL_B_SPLINE_CURVE((1.,0.5,1.,0.5,
1.,0.5,1.)) REPRESENTATION_ITEM('') );
#1526 = CARTESIAN_POINT('',(243.3,110.));
#1527 = CARTESIAN_POINT('',(243.3,104.28423233502));
#1528 = CARTESIAN_POINT('',(238.35,107.14211616751));
#1529 = CARTESIAN_POINT('',(233.4,110.));
#1530 = CARTESIAN_POINT('',(238.35,112.85788383248));
#1531 = CARTESIAN_POINT('',(243.3,115.71576766497));
#1532 = CARTESIAN_POINT('',(243.3,110.));
#1533 = ( GEOMETRIC_REPRESENTATION_CONTEXT(2) 
PARAMETRIC_REPRESENTATION_CONTEXT() REPRESENTATION_CONTEXT('2D SPACE',''
  ) );
#1534 = PCURVE('',#851,#1535);
#1535 = DEFINITIONAL_REPRESENTATION('',(#1536),#1540);
#1536 = LINE('',#1537,#1538);
#1537 = CARTESIAN_POINT('',(-6.28318530718,-1.));
#1538 = VECTOR('',#1539,1.);
#1539 = DIRECTION('',(1.,-0.));
#1540 = ( GEOMETRIC_REPRESENTATION_CONTEXT(2) 
PARAMETRIC_REPRESENTATION_CONTEXT() REPRESENTATION_CONTEXT('2D SPACE',''
  ) );
#1541 = ADVANCED_FACE('',(#1542),#182,.F.);
#1542 = FACE_BOUND('',#1543,.F.);
#1543 = EDGE_LOOP('',(#1544,#1545,#1546,#1547));
#1544 = ORIENTED_EDGE('',*,*,#972,.F.);
#1545 = ORIENTED_EDGE('',*,*,#890,.T.);
#1546 = ORIENTED_EDGE('',*,*,#166,.T.);
#1547 = ORIENTED_EDGE('',*,*,#1548,.F.);
#1548 = EDGE_CURVE('',#973,#167,#1549,.T.);
#1549 = SURFACE_CURVE('',#1550,(#1554,#1561),.PCURVE_S1.);
#1550 = LINE('',#1551,#1552);
#1551 = CARTESIAN_POINT('',(190.,-60.,0.));
#1552 = VECTOR('',#1553,1.);
#1553 = DIRECTION('',(0.,0.,1.));
#1554 = PCURVE('',#182,#1555);
#1555 = DEFINITIONAL_REPRESENTATION('',(#1556),#1560);
#1556 = LINE('',#1557,#1558);
#1557 = CARTESIAN_POINT('',(0.,245.));
#1558 = VECTOR('',#1559,1.);
#1559 = DIRECTION('',(1.,0.));
#1560 = ( GEOMETRIC_REPRESENTATION_CONTEXT(2) 
PARAMETRIC_REPRESENTATION_CONTEXT() REPRESENTATION_CONTEXT('2D SPACE',''
  ) );
#1561 = PCURVE('',#215,#1562);
#1562 = DEFINITIONAL_REPRESENTATION('',(#1563),#1567);
#1563 = LINE('',#1564,#1565);
#1564 = CARTESIAN_POINT('',(-1.570796326795,0.));
#1565 = VECTOR('',#1566,1.);
#1566 = DIRECTION('',(-0.,1.));
#1567 = ( GEOMETRIC_REPRESENTATION_CONTEXT(2) 
PARAMETRIC_REPRESENTATION_CONTEXT() REPRESENTATION_CONTEXT('2D SPACE',''
  ) );
#1568 = ADVANCED_FACE('',(#1569),#300,.T.);
#1569 = FACE_BOUND('',#1570,.T.);
#1570 = EDGE_LOOP('',(#1571,#1572,#1573,#1574));
#1571 = ORIENTED_EDGE('',*,*,#1070,.F.);
#1572 = ORIENTED_EDGE('',*,*,#944,.T.);
#1573 = ORIENTED_EDGE('',*,*,#284,.T.);
#1574 = ORIENTED_EDGE('',*,*,#1575,.F.);
#1575 = EDGE_CURVE('',#1047,#256,#1576,.T.);
#1576 = SURFACE_CURVE('',#1577,(#1581,#1588),.PCURVE_S1.);
#1577 = LINE('',#1578,#1579);
#1578 = CARTESIAN_POINT('',(190.,60.,0.));
#1579 = VECTOR('',#1580,1.);
#1580 = DIRECTION('',(0.,0.,1.));
#1581 = PCURVE('',#300,#1582);
#1582 = DEFINITIONAL_REPRESENTATION('',(#1583),#1587);
#1583 = LINE('',#1584,#1585);
#1584 = CARTESIAN_POINT('',(0.,245.));
#1585 = VECTOR('',#1586,1.);
#1586 = DIRECTION('',(1.,0.));
#1587 = ( GEOMETRIC_REPRESENTATION_CONTEXT(2) 
PARAMETRIC_REPRESENTATION_CONTEXT() REPRESENTATION_CONTEXT('2D SPACE',''
  ) );
#1588 = PCURVE('',#272,#1589);
#1589 = DEFINITIONAL_REPRESENTATION('',(#1590),#1594);
#1590 = LINE('',#1591,#1592);
#1591 = CARTESIAN_POINT('',(1.570796326795,0.));
#1592 = VECTOR('',#1593,1.);
#1593 = DIRECTION('',(0.,1.));
#1594 = ( GEOMETRIC_REPRESENTATION_CONTEXT(2) 
PARAMETRIC_REPRESENTATION_CONTEXT() REPRESENTATION_CONTEXT('2D SPACE',''
  ) );
#1595 = ADVANCED_FACE('',(#1596),#215,.T.);
#1596 = FACE_BOUND('',#1597,.F.);
#1597 = EDGE_LOOP('',(#1598,#1599,#1600,#1601));
#1598 = ORIENTED_EDGE('',*,*,#995,.T.);
#1599 = ORIENTED_EDGE('',*,*,#1548,.T.);
#1600 = ORIENTED_EDGE('',*,*,#194,.F.);
#1601 = ORIENTED_EDGE('',*,*,#1602,.F.);
#1602 = EDGE_CURVE('',#996,#195,#1603,.T.);
#1603 = SURFACE_CURVE('',#1604,(#1608,#1615),.PCURVE_S1.);
#1604 = LINE('',#1605,#1606);
#1605 = CARTESIAN_POINT('',(195.,-55.,0.));
#1606 = VECTOR('',#1607,1.);
#1607 = DIRECTION('',(0.,0.,1.));
#1608 = PCURVE('',#215,#1609);
#1609 = DEFINITIONAL_REPRESENTATION('',(#1610),#1614);
#1610 = LINE('',#1611,#1612);
#1611 = CARTESIAN_POINT('',(-0.,0.));
#1612 = VECTOR('',#1613,1.);
#1613 = DIRECTION('',(-0.,1.));
#1614 = ( GEOMETRIC_REPRESENTATION_CONTEXT(2) 
PARAMETRIC_REPRESENTATION_CONTEXT() REPRESENTATION_CONTEXT('2D SPACE',''
  ) );
#1615 = PCURVE('',#243,#1616);
#1616 = DEFINITIONAL_REPRESENTATION('',(#1617),#1621);
#1617 = LINE('',#1618,#1619);
#1618 = CARTESIAN_POINT('',(0.,-5.));
#1619 = VECTOR('',#1620,1.);
#1620 = DIRECTION('',(1.,0.));
#1621 = ( GEOMETRIC_REPRESENTATION_CONTEXT(2) 
PARAMETRIC_REPRESENTATION_CONTEXT() REPRESENTATION_CONTEXT('2D SPACE',''
  ) );
#1622 = ADVANCED_FACE('',(#1623),#272,.T.);
#1623 = FACE_BOUND('',#1624,.T.);
#1624 = EDGE_LOOP('',(#1625,#1626,#1627,#1628));
#1625 = ORIENTED_EDGE('',*,*,#1046,.T.);
#1626 = ORIENTED_EDGE('',*,*,#1575,.T.);
#1627 = ORIENTED_EDGE('',*,*,#255,.F.);
#1628 = ORIENTED_EDGE('',*,*,#1629,.F.);
#1629 = EDGE_CURVE('',#1024,#228,#1630,.T.);
#1630 = SURFACE_CURVE('',#1631,(#1635,#1642),.PCURVE_S1.);
#1631 = LINE('',#1632,#1633);
#1632 = CARTESIAN_POINT('',(195.,55.,0.));
#1633 = VECTOR('',#1634,1.);
#1634 = DIRECTION('',(0.,0.,1.));
#1635 = PCURVE('',#272,#1636);
#1636 = DEFINITIONAL_REPRESENTATION('',(#1637),#1641);
#1637 = LINE('',#1638,#1639);
#1638 = CARTESIAN_POINT('',(0.,0.));
#1639 = VECTOR('',#1640,1.);
#1640 = DIRECTION('',(0.,1.));
#1641 = ( GEOMETRIC_REPRESENTATION_CONTEXT(2) 
PARAMETRIC_REPRESENTATION_CONTEXT() REPRESENTATION_CONTEXT('2D SPACE',''
  ) );
#1642 = PCURVE('',#243,#1643);
#1643 = DEFINITIONAL_REPRESENTATION('',(#1644),#1648);
#1644 = LINE('',#1645,#1646);
#1645 = CARTESIAN_POINT('',(0.,-115.));
#1646 = VECTOR('',#1647,1.);
#1647 = DIRECTION('',(1.,0.));
#1648 = ( GEOMETRIC_REPRESENTATION_CONTEXT(2) 
PARAMETRIC_REPRESENTATION_CONTEXT() REPRESENTATION_CONTEXT('2D SPACE',''
  ) );
#1649 = ADVANCED_FACE('',(#1650),#243,.T.);
#1650 = FACE_BOUND('',#1651,.T.);
#1651 = EDGE_LOOP('',(#1652,#1653,#1654,#1655));
#1652 = ORIENTED_EDGE('',*,*,#227,.F.);
#1653 = ORIENTED_EDGE('',*,*,#1602,.F.);
#1654 = ORIENTED_EDGE('',*,*,#1023,.T.);
#1655 = ORIENTED_EDGE('',*,*,#1629,.T.);
#1656 = ADVANCED_FACE('',(#1657),#361,.F.);
#1657 = FACE_BOUND('',#1658,.T.);
#1658 = EDGE_LOOP('',(#1659,#1660,#1681,#1682));
#1659 = ORIENTED_EDGE('',*,*,#1094,.T.);
#1660 = ORIENTED_EDGE('',*,*,#1661,.T.);
#1661 = EDGE_CURVE('',#1095,#341,#1662,.T.);
#1662 = SEAM_CURVE('',#1663,(#1667,#1674),.PCURVE_S1.);
#1663 = LINE('',#1664,#1665);
#1664 = CARTESIAN_POINT('',(-41.7,-50.,-1.));
#1665 = VECTOR('',#1666,1.);
#1666 = DIRECTION('',(0.,0.,1.));
#1667 = PCURVE('',#361,#1668);
#1668 = DEFINITIONAL_REPRESENTATION('',(#1669),#1673);
#1669 = LINE('',#1670,#1671);
#1670 = CARTESIAN_POINT('',(-6.28318530718,0.));
#1671 = VECTOR('',#1672,1.);
#1672 = DIRECTION('',(-0.,-1.));
#1673 = ( GEOMETRIC_REPRESENTATION_CONTEXT(2) 
PARAMETRIC_REPRESENTATION_CONTEXT() REPRESENTATION_CONTEXT('2D SPACE',''
  ) );
#1674 = PCURVE('',#361,#1675);
#1675 = DEFINITIONAL_REPRESENTATION('',(#1676),#1680);
#1676 = LINE('',#1677,#1678);
#1677 = CARTESIAN_POINT('',(-0.,0.));
#1678 = VECTOR('',#1679,1.);
#1679 = DIRECTION('',(-0.,-1.));
#1680 = ( GEOMETRIC_REPRESENTATION_CONTEXT(2) 
PARAMETRIC_REPRESENTATION_CONTEXT() REPRESENTATION_CONTEXT('2D SPACE',''
  ) );
#1681 = ORIENTED_EDGE('',*,*,#340,.F.);
#1682 = ORIENTED_EDGE('',*,*,#1661,.F.);
#1683 = ADVANCED_FACE('',(#1684),#396,.F.);
#1684 = FACE_BOUND('',#1685,.T.);
#1685 = EDGE_LOOP('',(#1686,#1687,#1708,#1709));
#1686 = ORIENTED_EDGE('',*,*,#1124,.T.);
#1687 = ORIENTED_EDGE('',*,*,#1688,.T.);
#1688 = EDGE_CURVE('',#1125,#376,#1689,.T.);
#1689 = SEAM_CURVE('',#1690,(#1694,#1701),.PCURVE_S1.);
#1690 = LINE('',#1691,#1692);
#1691 = CARTESIAN_POINT('',(61.5,-22.,-1.));
#1692 = VECTOR('',#1693,1.);
#1693 = DIRECTION('',(0.,0.,1.));
#1694 = PCURVE('',#396,#1695);
#1695 = DEFINITIONAL_REPRESENTATION('',(#1696),#1700);
#1696 = LINE('',#1697,#1698);
#1697 = CARTESIAN_POINT('',(-6.28318530718,0.));
#1698 = VECTOR('',#1699,1.);
#1699 = DIRECTION('',(-0.,-1.));
#1700 = ( GEOMETRIC_REPRESENTATION_CONTEXT(2) 
PARAMETRIC_REPRESENTATION_CONTEXT() REPRESENTATION_CONTEXT('2D SPACE',''
  ) );
#1701 = PCURVE('',#396,#1702);
#1702 = DEFINITIONAL_REPRESENTATION('',(#1703),#1707);
#1703 = LINE('',#1704,#1705);
#1704 = CARTESIAN_POINT('',(-0.,0.));
#1705 = VECTOR('',#1706,1.);
#1706 = DIRECTION('',(-0.,-1.));
#1707 = ( GEOMETRIC_REPRESENTATION_CONTEXT(2) 
PARAMETRIC_REPRESENTATION_CONTEXT() REPRESENTATION_CONTEXT('2D SPACE',''
  ) );
#1708 = ORIENTED_EDGE('',*,*,#375,.F.);
#1709 = ORIENTED_EDGE('',*,*,#1688,.F.);
#1710 = ADVANCED_FACE('',(#1711),#431,.F.);
#1711 = FACE_BOUND('',#1712,.T.);
#1712 = EDGE_LOOP('',(#1713,#1714,#1735,#1736));
#1713 = ORIENTED_EDGE('',*,*,#1154,.T.);
#1714 = ORIENTED_EDGE('',*,*,#1715,.T.);
#1715 = EDGE_CURVE('',#1155,#411,#1716,.T.);
#1716 = SEAM_CURVE('',#1717,(#1721,#1728),.PCURVE_S1.);
#1717 = LINE('',#1718,#1719);
#1718 = CARTESIAN_POINT('',(188.3,-50.,-1.));
#1719 = VECTOR('',#1720,1.);
#1720 = DIRECTION('',(0.,0.,1.));
#1721 = PCURVE('',#431,#1722);
#1722 = DEFINITIONAL_REPRESENTATION('',(#1723),#1727);
#1723 = LINE('',#1724,#1725);
#1724 = CARTESIAN_POINT('',(-6.28318530718,0.));
#1725 = VECTOR('',#1726,1.);
#1726 = DIRECTION('',(-0.,-1.));
#1727 = ( GEOMETRIC_REPRESENTATION_CONTEXT(2) 
PARAMETRIC_REPRESENTATION_CONTEXT() REPRESENTATION_CONTEXT('2D SPACE',''
  ) );
#1728 = PCURVE('',#431,#1729);
#1729 = DEFINITIONAL_REPRESENTATION('',(#1730),#1734);
#1730 = LINE('',#1731,#1732);
#1731 = CARTESIAN_POINT('',(-0.,0.));
#1732 = VECTOR('',#1733,1.);
#1733 = DIRECTION('',(-0.,-1.));
#1734 = ( GEOMETRIC_REPRESENTATION_CONTEXT(2) 
PARAMETRIC_REPRESENTATION_CONTEXT() REPRESENTATION_CONTEXT('2D SPACE',''
  ) );
#1735 = ORIENTED_EDGE('',*,*,#410,.F.);
#1736 = ORIENTED_EDGE('',*,*,#1715,.F.);
#1737 = ADVANCED_FACE('',(#1738),#466,.F.);
#1738 = FACE_BOUND('',#1739,.T.);
#1739 = EDGE_LOOP('',(#1740,#1741,#1762,#1763));
#1740 = ORIENTED_EDGE('',*,*,#1184,.T.);
#1741 = ORIENTED_EDGE('',*,*,#1742,.T.);
#1742 = EDGE_CURVE('',#1185,#446,#1743,.T.);
#1743 = SEAM_CURVE('',#1744,(#1748,#1755),.PCURVE_S1.);
#1744 = LINE('',#1745,#1746);
#1745 = CARTESIAN_POINT('',(82.5,-22.1,-1.));
#1746 = VECTOR('',#1747,1.);
#1747 = DIRECTION('',(0.,0.,1.));
#1748 = PCURVE('',#466,#1749);
#1749 = DEFINITIONAL_REPRESENTATION('',(#1750),#1754);
#1750 = LINE('',#1751,#1752);
#1751 = CARTESIAN_POINT('',(-6.28318530718,0.));
#1752 = VECTOR('',#1753,1.);
#1753 = DIRECTION('',(-0.,-1.));
#1754 = ( GEOMETRIC_REPRESENTATION_CONTEXT(2) 
PARAMETRIC_REPRESENTATION_CONTEXT() REPRESENTATION_CONTEXT('2D SPACE',''
  ) );
#1755 = PCURVE('',#466,#1756);
#1756 = DEFINITIONAL_REPRESENTATION('',(#1757),#1761);
#1757 = LINE('',#1758,#1759);
#1758 = CARTESIAN_POINT('',(-0.,0.));
#1759 = VECTOR('',#1760,1.);
#1760 = DIRECTION('',(-0.,-1.));
#1761 = ( GEOMETRIC_REPRESENTATION_CONTEXT(2) 
PARAMETRIC_REPRESENTATION_CONTEXT() REPRESENTATION_CONTEXT('2D SPACE',''
  ) );
#1762 = ORIENTED_EDGE('',*,*,#445,.F.);
#1763 = ORIENTED_EDGE('',*,*,#1742,.F.);
#1764 = ADVANCED_FACE('',(#1765),#501,.F.);
#1765 = FACE_BOUND('',#1766,.T.);
#1766 = EDGE_LOOP('',(#1767,#1768,#1789,#1790));
#1767 = ORIENTED_EDGE('',*,*,#1214,.T.);
#1768 = ORIENTED_EDGE('',*,*,#1769,.T.);
#1769 = EDGE_CURVE('',#1215,#481,#1770,.T.);
#1770 = SEAM_CURVE('',#1771,(#1775,#1782),.PCURVE_S1.);
#1771 = LINE('',#1772,#1773);
#1772 = CARTESIAN_POINT('',(122.5,-22.1,-1.));
#1773 = VECTOR('',#1774,1.);
#1774 = DIRECTION('',(0.,0.,1.));
#1775 = PCURVE('',#501,#1776);
#1776 = DEFINITIONAL_REPRESENTATION('',(#1777),#1781);
#1777 = LINE('',#1778,#1779);
#1778 = CARTESIAN_POINT('',(-6.28318530718,0.));
#1779 = VECTOR('',#1780,1.);
#1780 = DIRECTION('',(-0.,-1.));
#1781 = ( GEOMETRIC_REPRESENTATION_CONTEXT(2) 
PARAMETRIC_REPRESENTATION_CONTEXT() REPRESENTATION_CONTEXT('2D SPACE',''
  ) );
#1782 = PCURVE('',#501,#1783);
#1783 = DEFINITIONAL_REPRESENTATION('',(#1784),#1788);
#1784 = LINE('',#1785,#1786);
#1785 = CARTESIAN_POINT('',(-0.,0.));
#1786 = VECTOR('',#1787,1.);
#1787 = DIRECTION('',(-0.,-1.));
#1788 = ( GEOMETRIC_REPRESENTATION_CONTEXT(2) 
PARAMETRIC_REPRESENTATION_CONTEXT() REPRESENTATION_CONTEXT('2D SPACE',''
  ) );
#1789 = ORIENTED_EDGE('',*,*,#480,.F.);
#1790 = ORIENTED_EDGE('',*,*,#1769,.F.);
#1791 = ADVANCED_FACE('',(#1792),#536,.F.);
#1792 = FACE_BOUND('',#1793,.T.);
#1793 = EDGE_LOOP('',(#1794,#1795,#1816,#1817));
#1794 = ORIENTED_EDGE('',*,*,#1244,.T.);
#1795 = ORIENTED_EDGE('',*,*,#1796,.T.);
#1796 = EDGE_CURVE('',#1245,#516,#1797,.T.);
#1797 = SEAM_CURVE('',#1798,(#1802,#1809),.PCURVE_S1.);
#1798 = LINE('',#1799,#1800);
#1799 = CARTESIAN_POINT('',(162.5,-22.1,-1.));
#1800 = VECTOR('',#1801,1.);
#1801 = DIRECTION('',(0.,0.,1.));
#1802 = PCURVE('',#536,#1803);
#1803 = DEFINITIONAL_REPRESENTATION('',(#1804),#1808);
#1804 = LINE('',#1805,#1806);
#1805 = CARTESIAN_POINT('',(-6.28318530718,0.));
#1806 = VECTOR('',#1807,1.);
#1807 = DIRECTION('',(-0.,-1.));
#1808 = ( GEOMETRIC_REPRESENTATION_CONTEXT(2) 
PARAMETRIC_REPRESENTATION_CONTEXT() REPRESENTATION_CONTEXT('2D SPACE',''
  ) );
#1809 = PCURVE('',#536,#1810);
#1810 = DEFINITIONAL_REPRESENTATION('',(#1811),#1815);
#1811 = LINE('',#1812,#1813);
#1812 = CARTESIAN_POINT('',(-0.,0.));
#1813 = VECTOR('',#1814,1.);
#1814 = DIRECTION('',(-0.,-1.));
#1815 = ( GEOMETRIC_REPRESENTATION_CONTEXT(2) 
PARAMETRIC_REPRESENTATION_CONTEXT() REPRESENTATION_CONTEXT('2D SPACE',''
  ) );
#1816 = ORIENTED_EDGE('',*,*,#515,.F.);
#1817 = ORIENTED_EDGE('',*,*,#1796,.F.);
#1818 = ADVANCED_FACE('',(#1819),#571,.F.);
#1819 = FACE_BOUND('',#1820,.T.);
#1820 = EDGE_LOOP('',(#1821,#1822,#1843,#1844));
#1821 = ORIENTED_EDGE('',*,*,#1274,.T.);
#1822 = ORIENTED_EDGE('',*,*,#1823,.T.);
#1823 = EDGE_CURVE('',#1275,#551,#1824,.T.);
#1824 = SEAM_CURVE('',#1825,(#1829,#1836),.PCURVE_S1.);
#1825 = LINE('',#1826,#1827);
#1826 = CARTESIAN_POINT('',(183.5,-22.,-1.));
#1827 = VECTOR('',#1828,1.);
#1828 = DIRECTION('',(0.,0.,1.));
#1829 = PCURVE('',#571,#1830);
#1830 = DEFINITIONAL_REPRESENTATION('',(#1831),#1835);
#1831 = LINE('',#1832,#1833);
#1832 = CARTESIAN_POINT('',(-6.28318530718,0.));
#1833 = VECTOR('',#1834,1.);
#1834 = DIRECTION('',(-0.,-1.));
#1835 = ( GEOMETRIC_REPRESENTATION_CONTEXT(2) 
PARAMETRIC_REPRESENTATION_CONTEXT() REPRESENTATION_CONTEXT('2D SPACE',''
  ) );
#1836 = PCURVE('',#571,#1837);
#1837 = DEFINITIONAL_REPRESENTATION('',(#1838),#1842);
#1838 = LINE('',#1839,#1840);
#1839 = CARTESIAN_POINT('',(-0.,0.));
#1840 = VECTOR('',#1841,1.);
#1841 = DIRECTION('',(-0.,-1.));
#1842 = ( GEOMETRIC_REPRESENTATION_CONTEXT(2) 
PARAMETRIC_REPRESENTATION_CONTEXT() REPRESENTATION_CONTEXT('2D SPACE',''
  ) );
#1843 = ORIENTED_EDGE('',*,*,#550,.F.);
#1844 = ORIENTED_EDGE('',*,*,#1823,.F.);
#1845 = ADVANCED_FACE('',(#1846),#606,.F.);
#1846 = FACE_BOUND('',#1847,.T.);
#1847 = EDGE_LOOP('',(#1848,#1849,#1870,#1871));
#1848 = ORIENTED_EDGE('',*,*,#1304,.T.);
#1849 = ORIENTED_EDGE('',*,*,#1850,.T.);
#1850 = EDGE_CURVE('',#1305,#586,#1851,.T.);
#1851 = SEAM_CURVE('',#1852,(#1856,#1863),.PCURVE_S1.);
#1852 = LINE('',#1853,#1854);
#1853 = CARTESIAN_POINT('',(3.,0.,-1.));
#1854 = VECTOR('',#1855,1.);
#1855 = DIRECTION('',(0.,0.,1.));
#1856 = PCURVE('',#606,#1857);
#1857 = DEFINITIONAL_REPRESENTATION('',(#1858),#1862);
#1858 = LINE('',#1859,#1860);
#1859 = CARTESIAN_POINT('',(-6.28318530718,0.));
#1860 = VECTOR('',#1861,1.);
#1861 = DIRECTION('',(-0.,-1.));
#1862 = ( GEOMETRIC_REPRESENTATION_CONTEXT(2) 
PARAMETRIC_REPRESENTATION_CONTEXT() REPRESENTATION_CONTEXT('2D SPACE',''
  ) );
#1863 = PCURVE('',#606,#1864);
#1864 = DEFINITIONAL_REPRESENTATION('',(#1865),#1869);
#1865 = LINE('',#1866,#1867);
#1866 = CARTESIAN_POINT('',(-0.,0.));
#1867 = VECTOR('',#1868,1.);
#1868 = DIRECTION('',(-0.,-1.));
#1869 = ( GEOMETRIC_REPRESENTATION_CONTEXT(2) 
PARAMETRIC_REPRESENTATION_CONTEXT() REPRESENTATION_CONTEXT('2D SPACE',''
  ) );
#1870 = ORIENTED_EDGE('',*,*,#585,.F.);
#1871 = ORIENTED_EDGE('',*,*,#1850,.F.);
#1872 = ADVANCED_FACE('',(#1873),#641,.F.);
#1873 = FACE_BOUND('',#1874,.T.);
#1874 = EDGE_LOOP('',(#1875,#1876,#1897,#1898));
#1875 = ORIENTED_EDGE('',*,*,#1334,.T.);
#1876 = ORIENTED_EDGE('',*,*,#1877,.T.);
#1877 = EDGE_CURVE('',#1335,#621,#1878,.T.);
#1878 = SEAM_CURVE('',#1879,(#1883,#1890),.PCURVE_S1.);
#1879 = LINE('',#1880,#1881);
#1880 = CARTESIAN_POINT('',(61.5,22.,-1.));
#1881 = VECTOR('',#1882,1.);
#1882 = DIRECTION('',(0.,0.,1.));
#1883 = PCURVE('',#641,#1884);
#1884 = DEFINITIONAL_REPRESENTATION('',(#1885),#1889);
#1885 = LINE('',#1886,#1887);
#1886 = CARTESIAN_POINT('',(-6.28318530718,0.));
#1887 = VECTOR('',#1888,1.);
#1888 = DIRECTION('',(-0.,-1.));
#1889 = ( GEOMETRIC_REPRESENTATION_CONTEXT(2) 
PARAMETRIC_REPRESENTATION_CONTEXT() REPRESENTATION_CONTEXT('2D SPACE',''
  ) );
#1890 = PCURVE('',#641,#1891);
#1891 = DEFINITIONAL_REPRESENTATION('',(#1892),#1896);
#1892 = LINE('',#1893,#1894);
#1893 = CARTESIAN_POINT('',(-0.,0.));
#1894 = VECTOR('',#1895,1.);
#1895 = DIRECTION('',(-0.,-1.));
#1896 = ( GEOMETRIC_REPRESENTATION_CONTEXT(2) 
PARAMETRIC_REPRESENTATION_CONTEXT() REPRESENTATION_CONTEXT('2D SPACE',''
  ) );
#1897 = ORIENTED_EDGE('',*,*,#620,.F.);
#1898 = ORIENTED_EDGE('',*,*,#1877,.F.);
#1899 = ADVANCED_FACE('',(#1900),#676,.F.);
#1900 = FACE_BOUND('',#1901,.T.);
#1901 = EDGE_LOOP('',(#1902,#1903,#1924,#1925));
#1902 = ORIENTED_EDGE('',*,*,#1364,.T.);
#1903 = ORIENTED_EDGE('',*,*,#1904,.T.);
#1904 = EDGE_CURVE('',#1365,#656,#1905,.T.);
#1905 = SEAM_CURVE('',#1906,(#1910,#1917),.PCURVE_S1.);
#1906 = LINE('',#1907,#1908);
#1907 = CARTESIAN_POINT('',(-41.7,50.,-1.));
#1908 = VECTOR('',#1909,1.);
#1909 = DIRECTION('',(0.,0.,1.));
#1910 = PCURVE('',#676,#1911);
#1911 = DEFINITIONAL_REPRESENTATION('',(#1912),#1916);
#1912 = LINE('',#1913,#1914);
#1913 = CARTESIAN_POINT('',(-6.28318530718,0.));
#1914 = VECTOR('',#1915,1.);
#1915 = DIRECTION('',(-0.,-1.));
#1916 = ( GEOMETRIC_REPRESENTATION_CONTEXT(2) 
PARAMETRIC_REPRESENTATION_CONTEXT() REPRESENTATION_CONTEXT('2D SPACE',''
  ) );
#1917 = PCURVE('',#676,#1918);
#1918 = DEFINITIONAL_REPRESENTATION('',(#1919),#1923);
#1919 = LINE('',#1920,#1921);
#1920 = CARTESIAN_POINT('',(-0.,0.));
#1921 = VECTOR('',#1922,1.);
#1922 = DIRECTION('',(-0.,-1.));
#1923 = ( GEOMETRIC_REPRESENTATION_CONTEXT(2) 
PARAMETRIC_REPRESENTATION_CONTEXT() REPRESENTATION_CONTEXT('2D SPACE',''
  ) );
#1924 = ORIENTED_EDGE('',*,*,#655,.F.);
#1925 = ORIENTED_EDGE('',*,*,#1904,.F.);
#1926 = ADVANCED_FACE('',(#1927),#711,.F.);
#1927 = FACE_BOUND('',#1928,.T.);
#1928 = EDGE_LOOP('',(#1929,#1930,#1951,#1952));
#1929 = ORIENTED_EDGE('',*,*,#1394,.T.);
#1930 = ORIENTED_EDGE('',*,*,#1931,.T.);
#1931 = EDGE_CURVE('',#1395,#691,#1932,.T.);
#1932 = SEAM_CURVE('',#1933,(#1937,#1944),.PCURVE_S1.);
#1933 = LINE('',#1934,#1935);
#1934 = CARTESIAN_POINT('',(82.5,22.1,-1.));
#1935 = VECTOR('',#1936,1.);
#1936 = DIRECTION('',(0.,0.,1.));
#1937 = PCURVE('',#711,#1938);
#1938 = DEFINITIONAL_REPRESENTATION('',(#1939),#1943);
#1939 = LINE('',#1940,#1941);
#1940 = CARTESIAN_POINT('',(-6.28318530718,0.));
#1941 = VECTOR('',#1942,1.);
#1942 = DIRECTION('',(-0.,-1.));
#1943 = ( GEOMETRIC_REPRESENTATION_CONTEXT(2) 
PARAMETRIC_REPRESENTATION_CONTEXT() REPRESENTATION_CONTEXT('2D SPACE',''
  ) );
#1944 = PCURVE('',#711,#1945);
#1945 = DEFINITIONAL_REPRESENTATION('',(#1946),#1950);
#1946 = LINE('',#1947,#1948);
#1947 = CARTESIAN_POINT('',(-0.,0.));
#1948 = VECTOR('',#1949,1.);
#1949 = DIRECTION('',(-0.,-1.));
#1950 = ( GEOMETRIC_REPRESENTATION_CONTEXT(2) 
PARAMETRIC_REPRESENTATION_CONTEXT() REPRESENTATION_CONTEXT('2D SPACE',''
  ) );
#1951 = ORIENTED_EDGE('',*,*,#690,.F.);
#1952 = ORIENTED_EDGE('',*,*,#1931,.F.);
#1953 = ADVANCED_FACE('',(#1954),#746,.F.);
#1954 = FACE_BOUND('',#1955,.T.);
#1955 = EDGE_LOOP('',(#1956,#1957,#1978,#1979));
#1956 = ORIENTED_EDGE('',*,*,#1424,.T.);
#1957 = ORIENTED_EDGE('',*,*,#1958,.T.);
#1958 = EDGE_CURVE('',#1425,#726,#1959,.T.);
#1959 = SEAM_CURVE('',#1960,(#1964,#1971),.PCURVE_S1.);
#1960 = LINE('',#1961,#1962);
#1961 = CARTESIAN_POINT('',(122.5,22.1,-1.));
#1962 = VECTOR('',#1963,1.);
#1963 = DIRECTION('',(0.,0.,1.));
#1964 = PCURVE('',#746,#1965);
#1965 = DEFINITIONAL_REPRESENTATION('',(#1966),#1970);
#1966 = LINE('',#1967,#1968);
#1967 = CARTESIAN_POINT('',(-6.28318530718,0.));
#1968 = VECTOR('',#1969,1.);
#1969 = DIRECTION('',(-0.,-1.));
#1970 = ( GEOMETRIC_REPRESENTATION_CONTEXT(2) 
PARAMETRIC_REPRESENTATION_CONTEXT() REPRESENTATION_CONTEXT('2D SPACE',''
  ) );
#1971 = PCURVE('',#746,#1972);
#1972 = DEFINITIONAL_REPRESENTATION('',(#1973),#1977);
#1973 = LINE('',#1974,#1975);
#1974 = CARTESIAN_POINT('',(-0.,0.));
#1975 = VECTOR('',#1976,1.);
#1976 = DIRECTION('',(-0.,-1.));
#1977 = ( GEOMETRIC_REPRESENTATION_CONTEXT(2) 
PARAMETRIC_REPRESENTATION_CONTEXT() REPRESENTATION_CONTEXT('2D SPACE',''
  ) );
#1978 = ORIENTED_EDGE('',*,*,#725,.F.);
#1979 = ORIENTED_EDGE('',*,*,#1958,.F.);
#1980 = ADVANCED_FACE('',(#1981),#781,.F.);
#1981 = FACE_BOUND('',#1982,.T.);
#1982 = EDGE_LOOP('',(#1983,#1984,#2005,#2006));
#1983 = ORIENTED_EDGE('',*,*,#1454,.T.);
#1984 = ORIENTED_EDGE('',*,*,#1985,.T.);
#1985 = EDGE_CURVE('',#1455,#761,#1986,.T.);
#1986 = SEAM_CURVE('',#1987,(#1991,#1998),.PCURVE_S1.);
#1987 = LINE('',#1988,#1989);
#1988 = CARTESIAN_POINT('',(162.5,22.1,-1.));
#1989 = VECTOR('',#1990,1.);
#1990 = DIRECTION('',(0.,0.,1.));
#1991 = PCURVE('',#781,#1992);
#1992 = DEFINITIONAL_REPRESENTATION('',(#1993),#1997);
#1993 = LINE('',#1994,#1995);
#1994 = CARTESIAN_POINT('',(-6.28318530718,0.));
#1995 = VECTOR('',#1996,1.);
#1996 = DIRECTION('',(-0.,-1.));
#1997 = ( GEOMETRIC_REPRESENTATION_CONTEXT(2) 
PARAMETRIC_REPRESENTATION_CONTEXT() REPRESENTATION_CONTEXT('2D SPACE',''
  ) );
#1998 = PCURVE('',#781,#1999);
#1999 = DEFINITIONAL_REPRESENTATION('',(#2000),#2004);
#2000 = LINE('',#2001,#2002);
#2001 = CARTESIAN_POINT('',(-0.,0.));
#2002 = VECTOR('',#2003,1.);
#2003 = DIRECTION('',(-0.,-1.));
#2004 = ( GEOMETRIC_REPRESENTATION_CONTEXT(2) 
PARAMETRIC_REPRESENTATION_CONTEXT() REPRESENTATION_CONTEXT('2D SPACE',''
  ) );
#2005 = ORIENTED_EDGE('',*,*,#760,.F.);
#2006 = ORIENTED_EDGE('',*,*,#1985,.F.);
#2007 = ADVANCED_FACE('',(#2008),#816,.F.);
#2008 = FACE_BOUND('',#2009,.T.);
#2009 = EDGE_LOOP('',(#2010,#2011,#2032,#2033));
#2010 = ORIENTED_EDGE('',*,*,#1484,.T.);
#2011 = ORIENTED_EDGE('',*,*,#2012,.T.);
#2012 = EDGE_CURVE('',#1485,#796,#2013,.T.);
#2013 = SEAM_CURVE('',#2014,(#2018,#2025),.PCURVE_S1.);
#2014 = LINE('',#2015,#2016);
#2015 = CARTESIAN_POINT('',(183.5,22.,-1.));
#2016 = VECTOR('',#2017,1.);
#2017 = DIRECTION('',(0.,0.,1.));
#2018 = PCURVE('',#816,#2019);
#2019 = DEFINITIONAL_REPRESENTATION('',(#2020),#2024);
#2020 = LINE('',#2021,#2022);
#2021 = CARTESIAN_POINT('',(-6.28318530718,0.));
#2022 = VECTOR('',#2023,1.);
#2023 = DIRECTION('',(-0.,-1.));
#2024 = ( GEOMETRIC_REPRESENTATION_CONTEXT(2) 
PARAMETRIC_REPRESENTATION_CONTEXT() REPRESENTATION_CONTEXT('2D SPACE',''
  ) );
#2025 = PCURVE('',#816,#2026);
#2026 = DEFINITIONAL_REPRESENTATION('',(#2027),#2031);
#2027 = LINE('',#2028,#2029);
#2028 = CARTESIAN_POINT('',(-0.,0.));
#2029 = VECTOR('',#2030,1.);
#2030 = DIRECTION('',(-0.,-1.));
#2031 = ( GEOMETRIC_REPRESENTATION_CONTEXT(2) 
PARAMETRIC_REPRESENTATION_CONTEXT() REPRESENTATION_CONTEXT('2D SPACE',''
  ) );
#2032 = ORIENTED_EDGE('',*,*,#795,.F.);
#2033 = ORIENTED_EDGE('',*,*,#2012,.F.);
#2034 = ADVANCED_FACE('',(#2035),#851,.F.);
#2035 = FACE_BOUND('',#2036,.T.);
#2036 = EDGE_LOOP('',(#2037,#2038,#2059,#2060));
#2037 = ORIENTED_EDGE('',*,*,#1514,.T.);
#2038 = ORIENTED_EDGE('',*,*,#2039,.T.);
#2039 = EDGE_CURVE('',#1515,#831,#2040,.T.);
#2040 = SEAM_CURVE('',#2041,(#2045,#2052),.PCURVE_S1.);
#2041 = LINE('',#2042,#2043);
#2042 = CARTESIAN_POINT('',(188.3,50.,-1.));
#2043 = VECTOR('',#2044,1.);
#2044 = DIRECTION('',(0.,0.,1.));
#2045 = PCURVE('',#851,#2046);
#2046 = DEFINITIONAL_REPRESENTATION('',(#2047),#2051);
#2047 = LINE('',#2048,#2049);
#2048 = CARTESIAN_POINT('',(-6.28318530718,0.));
#2049 = VECTOR('',#2050,1.);
#2050 = DIRECTION('',(-0.,-1.));
#2051 = ( GEOMETRIC_REPRESENTATION_CONTEXT(2) 
PARAMETRIC_REPRESENTATION_CONTEXT() REPRESENTATION_CONTEXT('2D SPACE',''
  ) );
#2052 = PCURVE('',#851,#2053);
#2053 = DEFINITIONAL_REPRESENTATION('',(#2054),#2058);
#2054 = LINE('',#2055,#2056);
#2055 = CARTESIAN_POINT('',(-0.,0.));
#2056 = VECTOR('',#2057,1.);
#2057 = DIRECTION('',(-0.,-1.));
#2058 = ( GEOMETRIC_REPRESENTATION_CONTEXT(2) 
PARAMETRIC_REPRESENTATION_CONTEXT() REPRESENTATION_CONTEXT('2D SPACE',''
  ) );
#2059 = ORIENTED_EDGE('',*,*,#830,.F.);
#2060 = ORIENTED_EDGE('',*,*,#2039,.F.);
#2061 = ( GEOMETRIC_REPRESENTATION_CONTEXT(3) 
GLOBAL_UNCERTAINTY_ASSIGNED_CONTEXT((#2065)) 
GLOBAL_UNIT_ASSIGNED_CONTEXT((#2062,#2063,#2064)) REPRESENTATION_CONTEXT
('Context #1','3D Context with UNIT and UNCERTAINTY') );
#2062 = ( LENGTH_UNIT() NAMED_UNIT(*) SI_UNIT(.MILLI.,.METRE.) );
#2063 = ( NAMED_UNIT(*) PLANE_ANGLE_UNIT() SI_UNIT($,.RADIAN.) );
#2064 = ( NAMED_UNIT(*) SI_UNIT($,.STERADIAN.) SOLID_ANGLE_UNIT() );
#2065 = UNCERTAINTY_MEASURE_WITH_UNIT(LENGTH_MEASURE(1.E-07),#2062,
  'distance_accuracy_value','confusion accuracy');
#2066 = PRODUCT_RELATED_PRODUCT_CATEGORY('part',$,(#7));
ENDSEC;
END-ISO-10303-21;
